lambda_info,theta,awareness_density,infection_density
0.0,0.0,0.71485,0.6508
0.0,0.02,0.7116,0.6423
0.0,0.04,0.715,0.64165
0.0,0.06,0.7174,0.6374000000000001
0.0,0.08,0.71285,0.63035
0.0,0.1,0.7166999999999998,0.633
0.0,0.12,0.71835,0.62975
0.0,0.14,0.7157999999999999,0.6206
0.0,0.16,0.7165499999999999,0.6223500000000002
0.0,0.18,0.7168000000000001,0.6145
0.0,0.2,0.7157,0.6093500000000001
0.0,0.22,0.7162999999999999,0.6087499999999999
0.0,0.24,0.7119,0.5992
0.0,0.26,0.7192000000000001,0.6025
0.0,0.28,0.7177499999999999,0.60065
0.0,0.3,0.71535,0.5935
0.0,0.32,0.7169,0.5888499999999999
0.0,0.34,0.7175999999999999,0.5866
0.0,0.36,0.7128999999999999,0.5762
0.0,0.38,0.7173999999999998,0.58185
0.0,0.4,0.7146,0.5759999999999998
0.0,0.42,0.7192000000000001,0.5770500000000001
0.0,0.44,0.7170499999999999,0.5710999999999999
0.0,0.46,0.71445,0.5660999999999999
0.0,0.48,0.7192000000000001,0.5647
0.0,0.5,0.7213,0.5635999999999999
0.0,0.52,0.7137000000000001,0.5583500000000001
0.0,0.54,0.7157000000000001,0.55585
0.0,0.56,0.71505,0.5464
0.0,0.58,0.7142000000000002,0.5475000000000001
0.0,0.6,0.7176999999999999,0.5464500000000001
0.0,0.62,0.7127499999999999,0.53795
0.0,0.64,0.7182000000000001,0.5406500000000001
0.0,0.66,0.7186499999999999,0.5414000000000001
0.0,0.68,0.7184999999999999,0.5338500000000002
0.0,0.7000000000000001,0.71825,0.53345
0.0,0.72,0.7179499999999999,0.5263499999999999
0.0,0.74,0.71775,0.5269000000000001
0.0,0.76,0.7142499999999998,0.5218999999999999
0.0,0.78,0.7173,0.5214000000000001
0.0,0.8,0.7169499999999999,0.5176499999999999
0.0,0.8200000000000001,0.7146999999999999,0.51425
0.0,0.84,0.7117,0.5102
0.0,0.86,0.7118999999999999,0.5059999999999999
0.0,0.88,0.7132499999999999,0.5045
0.0,0.9,0.7148999999999999,0.5036499999999999
0.0,0.92,0.7144999999999999,0.50215
0.0,0.9400000000000001,0.7182499999999999,0.49720000000000003
0.0,0.96,0.7147999999999998,0.495
0.0,0.98,0.7118499999999999,0.49284999999999995
0.0,1.0,0.7127,0.4915999999999999
0.0,1.02,0.71845,0.4906499999999999
0.0,1.04,0.71305,0.4857
0.0,1.06,0.7059,0.4768
0.0,1.08,0.7104,0.4796
0.02,0.0,0.7178000000000001,0.6115499999999999
0.02,0.02,0.71805,0.6043499999999999
0.02,0.04,0.7161500000000001,0.60305
0.02,0.06,0.7162999999999999,0.59715
0.02,0.08,0.7212000000000001,0.5970000000000001
0.02,0.1,0.7192,0.5946499999999999
0.02,0.12,0.7152499999999999,0.5871
0.02,0.14,0.715,0.58295
0.02,0.16,0.71865,0.5856
0.02,0.18,0.7175999999999999,0.58175
0.02,0.2,0.72215,0.5809
0.02,0.22,0.7179,0.5760500000000001
0.02,0.24,0.7218,0.5727000000000001
0.02,0.26,0.7181,0.5700500000000001
0.02,0.28,0.72375,0.5708
0.02,0.3,0.72355,0.56755
0.02,0.32,0.7218,0.5664499999999999
0.02,0.34,0.7198,0.5585500000000001
0.02,0.36,0.72125,0.56195
0.02,0.38,0.7187499999999999,0.5504
0.02,0.4,0.7203999999999999,0.5479
0.02,0.42,0.7238000000000001,0.5531999999999999
0.02,0.44,0.7227,0.5463
0.02,0.46,0.71845,0.5388
0.02,0.48,0.7215499999999999,0.5408999999999999
0.02,0.5,0.7236,0.54095
0.02,0.52,0.7223499999999999,0.5375000000000001
0.02,0.54,0.72435,0.5342
0.02,0.56,0.7221,0.5320500000000001
0.02,0.58,0.7207,0.5280500000000001
0.02,0.6,0.72035,0.5279
0.02,0.62,0.71765,0.5211
0.02,0.64,0.71905,0.52
0.02,0.66,0.72175,0.5177999999999999
0.02,0.68,0.7153499999999999,0.50885
0.02,0.7000000000000001,0.7195,0.51265
0.02,0.72,0.7214,0.5131
0.02,0.74,0.71995,0.5117
0.02,0.76,0.7201,0.5075999999999999
0.02,0.78,0.72245,0.5064
0.02,0.8,0.71715,0.49720000000000003
0.02,0.8200000000000001,0.7171999999999998,0.4942500000000001
0.02,0.84,0.7185999999999999,0.4894
0.02,0.86,0.717,0.49194999999999994
0.02,0.88,0.72315,0.49704999999999994
0.02,0.9,0.7135499999999999,0.48285
0.02,0.92,0.7214999999999999,0.48975
0.02,0.9400000000000001,0.7150500000000001,0.4806
0.02,0.96,0.71535,0.48014999999999997
0.02,0.98,0.7175,0.47815
0.02,1.0,0.7202,0.47830000000000006
0.02,1.02,0.7189,0.4791
0.02,1.04,0.7142000000000001,0.47380000000000005
0.02,1.06,0.7135,0.4684500000000001
0.02,1.08,0.71735,0.47139999999999993
0.04,0.0,0.72245,0.5811499999999998
0.04,0.02,0.72235,0.5744500000000001
0.04,0.04,0.7232999999999999,0.5732999999999999
0.04,0.06,0.7263999999999999,0.5737
0.04,0.08,0.7226999999999999,0.5641
0.04,0.1,0.7231999999999998,0.5682
0.04,0.12,0.72745,0.56565
0.04,0.14,0.7195,0.55815
0.04,0.16,0.72545,0.5588000000000001
0.04,0.18,0.7256500000000001,0.5559000000000001
0.04,0.2,0.7249999999999999,0.5556500000000001
0.04,0.22,0.7212499999999998,0.5491
0.04,0.24,0.7192999999999998,0.5435
0.04,0.26,0.7223499999999999,0.5457
0.04,0.28,0.72005,0.5378999999999998
0.04,0.3,0.72615,0.545
0.04,0.32,0.7215499999999999,0.5373500000000001
0.04,0.34,0.7230000000000001,0.5349999999999999
0.04,0.36,0.72625,0.5347500000000001
0.04,0.38,0.7227499999999999,0.5352500000000001
0.04,0.4,0.7247000000000001,0.5311000000000001
0.04,0.42,0.7253000000000001,0.5262
0.04,0.44,0.72665,0.5302
0.04,0.46,0.7204,0.5142499999999999
0.04,0.48,0.7261000000000001,0.52105
0.04,0.5,0.72465,0.5156
0.04,0.52,0.7249,0.51615
0.04,0.54,0.7215499999999999,0.51215
0.04,0.56,0.72395,0.5102499999999999
0.04,0.58,0.7228999999999999,0.51055
0.04,0.6,0.7223999999999999,0.5084500000000001
0.04,0.62,0.7279499999999999,0.50785
0.04,0.64,0.7229499999999999,0.5028499999999999
0.04,0.66,0.7213999999999999,0.49779999999999996
0.04,0.68,0.7233499999999999,0.4974
0.04,0.7000000000000001,0.72295,0.49505
0.04,0.72,0.7172999999999999,0.4889999999999999
0.04,0.74,0.72425,0.49440000000000006
0.04,0.76,0.7222,0.49099999999999994
0.04,0.78,0.72205,0.4861999999999999
0.04,0.8,0.7242,0.4849
0.04,0.8200000000000001,0.7221500000000001,0.4878
0.04,0.84,0.7242500000000001,0.4841499999999999
0.04,0.86,0.7213999999999998,0.48
0.04,0.88,0.72805,0.4856999999999999
0.04,0.9,0.72195,0.47355
0.04,0.92,0.7158999999999999,0.46849999999999997
0.04,0.9400000000000001,0.71955,0.4715000000000001
0.04,0.96,0.7253,0.4734
0.04,0.98,0.7221,0.46935000000000004
0.04,1.0,0.7201,0.46560000000000007
0.04,1.02,0.7194499999999999,0.4614
0.04,1.04,0.72495,0.46790000000000004
0.04,1.06,0.71885,0.46265
0.04,1.08,0.7193,0.4619
0.06,0.0,0.7232,0.5477
0.06,0.02,0.7303,0.5520000000000002
0.06,0.04,0.7253499999999999,0.5464499999999999
0.06,0.06,0.73275,0.5497500000000001
0.06,0.08,0.7244499999999999,0.538
0.06,0.1,0.72645,0.5358499999999999
0.06,0.12,0.7293,0.5421000000000001
0.06,0.14,0.7252,0.5333500000000001
0.06,0.16,0.7287999999999999,0.5369999999999999
0.06,0.18,0.7258999999999999,0.5326
0.06,0.2,0.72865,0.5318500000000002
0.06,0.22,0.7251,0.52955
0.06,0.24,0.7245,0.5251500000000002
0.06,0.26,0.7275499999999999,0.5265500000000001
0.06,0.28,0.7319,0.52815
0.06,0.3,0.7296,0.5229000000000001
0.06,0.32,0.7306999999999999,0.52335
0.06,0.34,0.7237999999999999,0.5129999999999999
0.06,0.36,0.7266,0.5108500000000001
0.06,0.38,0.7237499999999999,0.50905
0.06,0.4,0.7243999999999999,0.5084000000000001
0.06,0.42,0.72195,0.5037999999999999
0.06,0.44,0.7254500000000002,0.50665
0.06,0.46,0.72755,0.50555
0.06,0.48,0.7277999999999999,0.5076500000000002
0.06,0.5,0.7248,0.5017
0.06,0.52,0.72785,0.4993499999999999
0.06,0.54,0.7258,0.49654999999999994
0.06,0.56,0.7282499999999998,0.4968
0.06,0.58,0.72655,0.49095000000000005
0.06,0.6,0.7284,0.49339999999999995
0.06,0.62,0.7268499999999999,0.4894
0.06,0.64,0.72725,0.4886500000000001
0.06,0.66,0.7234,0.4864
0.06,0.68,0.7264,0.4812
0.06,0.7000000000000001,0.7262,0.48064999999999997
0.06,0.72,0.7226,0.47834999999999994
0.06,0.74,0.7268,0.4777
0.06,0.76,0.7264499999999999,0.48130000000000006
0.06,0.78,0.7257999999999999,0.47614999999999996
0.06,0.8,0.72775,0.4746
0.06,0.8200000000000001,0.7287999999999999,0.47585
0.06,0.84,0.7275,0.4729500000000001
0.06,0.86,0.7251000000000001,0.46820000000000006
0.06,0.88,0.7225,0.46425
0.06,0.9,0.7262,0.46709999999999996
0.06,0.92,0.7274,0.46475
0.06,0.9400000000000001,0.7224,0.46410000000000007
0.06,0.96,0.7238999999999999,0.45765
0.06,0.98,0.7198499999999999,0.45235000000000003
0.06,1.0,0.7263999999999999,0.45640000000000003
0.06,1.02,0.7224999999999999,0.45394999999999996
0.06,1.04,0.7242,0.4565500000000001
0.06,1.06,0.72255,0.45074999999999993
0.06,1.08,0.7235,0.45
0.08,0.0,0.7283499999999999,0.5237
0.08,0.02,0.7328499999999999,0.5301000000000002
0.08,0.04,0.7249999999999999,0.51965
0.08,0.06,0.7308999999999999,0.5236999999999999
0.08,0.08,0.7262,0.5184500000000001
0.08,0.1,0.7272000000000001,0.5147
0.08,0.12,0.7293999999999999,0.5185499999999998
0.08,0.14,0.7236,0.5086
0.08,0.16,0.7317000000000001,0.5147499999999999
0.08,0.18,0.7318,0.5159
0.08,0.2,0.7304999999999999,0.5124500000000001
0.08,0.22,0.72705,0.5058
0.08,0.24,0.7295,0.5020499999999999
0.08,0.26,0.7266000000000001,0.5001999999999999
0.08,0.28,0.72895,0.50115
0.08,0.3,0.7309,0.50515
0.08,0.32,0.72715,0.49944999999999995
0.08,0.34,0.72895,0.49754999999999994
0.08,0.36,0.7293999999999999,0.4982500000000001
0.08,0.38,0.72655,0.49004999999999993
0.08,0.4,0.73045,0.49505
0.08,0.42,0.72965,0.49455
0.08,0.44,0.73005,0.49145000000000005
0.08,0.46,0.7288,0.48895
0.08,0.48,0.7265499999999999,0.4883
0.08,0.5,0.7318999999999999,0.48854999999999993
0.08,0.52,0.7259,0.48125
0.08,0.54,0.72495,0.47714999999999996
0.08,0.56,0.73245,0.4862499999999999
0.08,0.58,0.7302500000000001,0.4822
0.08,0.6,0.7264,0.4761000000000001
0.08,0.62,0.7324999999999999,0.48095
0.08,0.64,0.72915,0.4753
0.08,0.66,0.7288,0.4724000000000001
0.08,0.68,0.7321,0.47805
0.08,0.7000000000000001,0.7263999999999999,0.4701500000000001
0.08,0.72,0.72855,0.4704499999999999
0.08,0.74,0.7267000000000001,0.46825
0.08,0.76,0.72615,0.46025
0.08,0.78,0.72855,0.46609999999999996
0.08,0.8,0.7268999999999999,0.46125
0.08,0.8200000000000001,0.72925,0.46385000000000004
0.08,0.84,0.7326,0.46615
0.08,0.86,0.7242,0.45220000000000005
0.08,0.88,0.72895,0.45625
0.08,0.9,0.7280499999999999,0.45545
0.08,0.92,0.7265,0.45165
0.08,0.9400000000000001,0.72555,0.4483499999999999
0.08,0.96,0.7268,0.4537999999999999
0.08,0.98,0.7267499999999999,0.4509
0.08,1.0,0.7283000000000001,0.4509
0.08,1.02,0.7216,0.44509999999999994
0.08,1.04,0.728,0.4444
0.08,1.06,0.7316,0.45169999999999993
0.08,1.08,0.72685,0.44560000000000005
0.1,0.0,0.7319,0.5105999999999999
0.1,0.02,0.7322499999999998,0.50595
0.1,0.04,0.7288,0.5021
0.1,0.06,0.73165,0.5065999999999999
0.1,0.08,0.73385,0.50435
0.1,0.1,0.7334999999999999,0.5041
0.1,0.12,0.7301,0.4963
0.1,0.14,0.7319,0.49655000000000005
0.1,0.16,0.7318499999999999,0.4919000000000001
0.1,0.18,0.7347,0.49685000000000007
0.1,0.2,0.7255499999999999,0.48305
0.1,0.22,0.728,0.48860000000000003
0.1,0.24,0.7321500000000001,0.48915
0.1,0.26,0.7289,0.48655
0.1,0.28,0.7283999999999999,0.4838
0.1,0.3,0.72795,0.4833
0.1,0.32,0.73125,0.48294999999999993
0.1,0.34,0.7321000000000002,0.48575
0.1,0.36,0.7336499999999999,0.48414999999999997
0.1,0.38,0.7315500000000001,0.48279999999999995
0.1,0.4,0.7299999999999999,0.4761499999999999
0.1,0.42,0.73185,0.47739999999999994
0.1,0.44,0.7347,0.47815
0.1,0.46,0.73295,0.4737
0.1,0.48,0.7299,0.47234999999999994
0.1,0.5,0.7356499999999999,0.47529999999999994
0.1,0.52,0.7306999999999999,0.4715
0.1,0.54,0.7299500000000001,0.4698500000000001
0.1,0.56,0.7355499999999999,0.4718
0.1,0.58,0.7317500000000001,0.46615
0.1,0.6,0.73405,0.4660500000000001
0.1,0.62,0.7336000000000001,0.4668
0.1,0.64,0.7300000000000001,0.46455
0.1,0.66,0.7343999999999999,0.46935000000000004
0.1,0.68,0.7293000000000001,0.4568
0.1,0.7000000000000001,0.7329000000000001,0.462
0.1,0.72,0.7285,0.45725
0.1,0.74,0.7322,0.45594999999999997
0.1,0.76,0.7322499999999998,0.45760000000000006
0.1,0.78,0.73075,0.45389999999999997
0.1,0.8,0.7287999999999999,0.4513
0.1,0.8200000000000001,0.7351000000000001,0.45764999999999995
0.1,0.84,0.7297499999999999,0.4482500000000001
0.1,0.86,0.7278500000000001,0.44444999999999996
0.1,0.88,0.72665,0.44315
0.1,0.9,0.7316,0.45004999999999995
0.1,0.92,0.73255,0.44955
0.1,0.9400000000000001,0.73075,0.4444
0.1,0.96,0.7288499999999999,0.44044999999999995
0.1,0.98,0.7279499999999999,0.44365000000000004
0.1,1.0,0.7288,0.43994999999999995
0.1,1.02,0.7289999999999999,0.43904999999999994
0.1,1.04,0.72765,0.43759999999999993
0.1,1.06,0.72835,0.43795
0.1,1.08,0.72695,0.43384999999999996
0.12,0.0,0.73005,0.48585
0.12,0.02,0.7302500000000001,0.4852499999999999
0.12,0.04,0.73225,0.48575
0.12,0.06,0.73505,0.48765000000000003
0.12,0.08,0.73555,0.487
0.12,0.1,0.732,0.48295000000000005
0.12,0.12,0.7316499999999999,0.4805
0.12,0.14,0.7347499999999999,0.485
0.12,0.16,0.7349999999999999,0.48149999999999993
0.12,0.18,0.7313499999999998,0.47915
0.12,0.2,0.7345,0.48145
0.12,0.22,0.7289,0.4709
0.12,0.24,0.73405,0.47795
0.12,0.26,0.7314499999999999,0.46824999999999994
0.12,0.28,0.7336499999999999,0.47730000000000006
0.12,0.3,0.73385,0.47450000000000003
0.12,0.32,0.73035,0.4661999999999999
0.12,0.34,0.7313,0.46795
0.12,0.36,0.7331999999999999,0.4700500000000001
0.12,0.38,0.7357,0.46975
0.12,0.4,0.7345499999999999,0.47245
0.12,0.42,0.73725,0.46735
0.12,0.44,0.72965,0.46205000000000007
0.12,0.46,0.7321500000000001,0.4594499999999999
0.12,0.48,0.7309499999999999,0.4590000000000001
0.12,0.5,0.7308,0.4575
0.12,0.52,0.7357,0.46395
0.12,0.54,0.7343999999999999,0.46245
0.12,0.56,0.7338499999999999,0.45699999999999996
0.12,0.58,0.73765,0.46060000000000006
0.12,0.6,0.7339,0.45505000000000007
0.12,0.62,0.731,0.4528999999999999
0.12,0.64,0.73085,0.45185000000000003
0.12,0.66,0.7320499999999999,0.45154999999999995
0.12,0.68,0.7322499999999998,0.45145
0.12,0.7000000000000001,0.7338,0.44975
0.12,0.72,0.7337,0.4529500000000001
0.12,0.74,0.7292500000000001,0.44175000000000003
0.12,0.76,0.7356499999999999,0.45330000000000004
0.12,0.78,0.7294,0.44489999999999996
0.12,0.8,0.7337,0.44420000000000004
0.12,0.8200000000000001,0.7281999999999998,0.4415
0.12,0.84,0.73255,0.44509999999999994
0.12,0.86,0.7355,0.44765000000000005
0.12,0.88,0.7358,0.4425
0.12,0.9,0.7329,0.44480000000000003
0.12,0.92,0.73295,0.43134999999999996
0.12,0.9400000000000001,0.7292,0.43755
0.12,0.96,0.7308999999999999,0.43895000000000006
0.12,0.98,0.73275,0.43395
0.12,1.0,0.7335999999999999,0.43845
0.12,1.02,0.7301500000000001,0.43004999999999993
0.12,1.04,0.7322,0.43415
0.12,1.06,0.7323500000000001,0.43150000000000005
0.12,1.08,0.73335,0.43385000000000007
0.14,0.0,0.7378500000000001,0.47924999999999995
0.14,0.02,0.7354999999999999,0.4739
0.14,0.04,0.7352000000000001,0.47235000000000005
0.14,0.06,0.7375999999999998,0.4776999999999999
0.14,0.08,0.7344999999999999,0.47425000000000006
0.14,0.1,0.73605,0.4718499999999999
0.14,0.12,0.737,0.4738500000000001
0.14,0.14,0.7324499999999999,0.4678000000000001
0.14,0.16,0.7352000000000001,0.4709499999999999
0.14,0.18,0.7371,0.47074999999999995
0.14,0.2,0.735,0.46495
0.14,0.22,0.7372,0.46475
0.14,0.24,0.7363500000000001,0.46369999999999995
0.14,0.26,0.7349499999999999,0.45949999999999996
0.14,0.28,0.73605,0.46509999999999996
0.14,0.3,0.73715,0.46414999999999995
0.14,0.32,0.7351,0.45509999999999995
0.14,0.34,0.7323000000000001,0.45949999999999996
0.14,0.36,0.7367,0.45965
0.14,0.38,0.7343,0.4585
0.14,0.4,0.73435,0.4553
0.14,0.42,0.73315,0.4585
0.14,0.44,0.73705,0.45810000000000006
0.14,0.46,0.73445,0.45404999999999995
0.14,0.48,0.7394499999999999,0.4572000000000001
0.14,0.5,0.7305499999999999,0.44404999999999994
0.14,0.52,0.7286999999999999,0.44325000000000003
0.14,0.54,0.7351,0.44865000000000005
0.14,0.56,0.7365,0.45200000000000007
0.14,0.58,0.7357999999999999,0.4459000000000001
0.14,0.6,0.7320500000000001,0.44245
0.14,0.62,0.73475,0.44810000000000005
0.14,0.64,0.7403,0.44944999999999996
0.14,0.66,0.7357500000000001,0.44345
0.14,0.68,0.73725,0.4431999999999999
0.14,0.7000000000000001,0.7313,0.43755000000000005
0.14,0.72,0.73605,0.44145
0.14,0.74,0.73075,0.43550000000000005
0.14,0.76,0.74395,0.4518
0.14,0.78,0.7383500000000001,0.44525
0.14,0.8,0.73535,0.4368
0.14,0.8200000000000001,0.7351,0.4363
0.14,0.84,0.7278,0.4309
0.14,0.86,0.7355,0.43515
0.14,0.88,0.7357499999999999,0.43479999999999996
0.14,0.9,0.73495,0.4342
0.14,0.92,0.7334499999999998,0.43165
0.14,0.9400000000000001,0.7306,0.4264499999999999
0.14,0.96,0.7309499999999999,0.4248999999999999
0.14,0.98,0.7334499999999999,0.4292000000000001
0.14,1.0,0.7346499999999999,0.43280000000000013
0.14,1.02,0.7333500000000001,0.42590000000000006
0.14,1.04,0.73195,0.42619999999999997
0.14,1.06,0.73425,0.4264499999999999
0.14,1.08,0.7351,0.42889999999999995
0.16,0.0,0.7354499999999999,0.46259999999999996
0.16,0.02,0.7331000000000001,0.46144999999999997
0.16,0.04,0.7363,0.46399999999999997
0.16,0.06,0.7386500000000001,0.4623500000000001
0.16,0.08,0.73715,0.46204999999999996
0.16,0.1,0.7324999999999999,0.45504999999999995
0.16,0.12,0.73925,0.4617
0.16,0.14,0.73975,0.46335000000000004
0.16,0.16,0.73915,0.46159999999999995
0.16,0.18,0.7354999999999999,0.45435
0.16,0.2,0.7372,0.45859999999999995
0.16,0.22,0.73895,0.46010000000000006
0.16,0.24,0.7375499999999999,0.45655
0.16,0.26,0.7366499999999999,0.4551
0.16,0.28,0.7406999999999999,0.45845000000000014
0.16,0.3,0.7347999999999999,0.4473000000000001
0.16,0.32,0.73905,0.4524500000000001
0.16,0.34,0.73605,0.45149999999999996
0.16,0.36,0.7327999999999999,0.44610000000000005
0.16,0.38,0.7353500000000001,0.44535
0.16,0.4,0.7362,0.4448
0.16,0.42,0.7393,0.44580000000000003
0.16,0.44,0.7381500000000001,0.4444000000000001
0.16,0.46,0.7361500000000001,0.44315
0.16,0.48,0.734,0.4401999999999999
0.16,0.5,0.7361,0.43899999999999995
0.16,0.52,0.7367,0.442
0.16,0.54,0.7372,0.44135
0.16,0.56,0.73665,0.43935
0.16,0.58,0.7396999999999999,0.4455
0.16,0.6,0.7403500000000001,0.44190000000000007
0.16,0.62,0.74025,0.4441
0.16,0.64,0.7354999999999999,0.43665000000000004
0.16,0.66,0.7348999999999999,0.43295000000000006
0.16,0.68,0.73485,0.4324
0.16,0.7000000000000001,0.7346999999999999,0.4371499999999999
0.16,0.72,0.7374499999999999,0.433
0.16,0.74,0.7351000000000001,0.43155
0.16,0.76,0.7390999999999999,0.4374500000000001
0.16,0.78,0.73415,0.42580000000000007
0.16,0.8,0.73705,0.43520000000000003
0.16,0.8200000000000001,0.7367499999999999,0.43285
0.16,0.84,0.7352,0.4309
0.16,0.86,0.7325000000000002,0.42429999999999995
0.16,0.88,0.7332500000000001,0.42394999999999994
0.16,0.9,0.7419999999999999,0.43375
0.16,0.92,0.7324499999999999,0.4207000000000001
0.16,0.9400000000000001,0.7400500000000001,0.43215000000000003
0.16,0.96,0.73495,0.42485
0.16,0.98,0.73285,0.4185
0.16,1.0,0.7383500000000001,0.42615
0.16,1.02,0.7367999999999999,0.42729999999999996
0.16,1.04,0.7363999999999999,0.4222499999999999
0.16,1.06,0.7396999999999999,0.425
0.16,1.08,0.7384500000000002,0.41905000000000003
0.18,0.0,0.7394499999999999,0.45315000000000005
0.18,0.02,0.74035,0.4520999999999999
0.18,0.04,0.7392000000000001,0.45344999999999996
0.18,0.06,0.7395,0.4529500000000001
0.18,0.08,0.7353000000000001,0.4495
0.18,0.1,0.7355999999999999,0.44604999999999995
0.18,0.12,0.73975,0.45125000000000004
0.18,0.14,0.73875,0.45489999999999997
0.18,0.16,0.7381,0.44745
0.18,0.18,0.7376999999999999,0.4492999999999999
0.18,0.2,0.7419999999999999,0.45404999999999995
0.18,0.22,0.7339500000000001,0.44190000000000007
0.18,0.24,0.7370500000000001,0.44539999999999996
0.18,0.26,0.7435,0.45215000000000005
0.18,0.28,0.7387,0.44799999999999995
0.18,0.3,0.73465,0.4394
0.18,0.32,0.7356999999999999,0.4361499999999999
0.18,0.34,0.74105,0.45004999999999995
0.18,0.36,0.735,0.4382
0.18,0.38,0.7396999999999999,0.44165
0.18,0.4,0.73665,0.44159999999999994
0.18,0.42,0.7371,0.43689999999999996
0.18,0.44,0.7335,0.43185
0.18,0.46,0.73775,0.43594999999999995
0.18,0.48,0.7357,0.43335
0.18,0.5,0.7388999999999999,0.43355000000000005
0.18,0.52,0.7363999999999999,0.43715000000000004
0.18,0.54,0.73975,0.43755000000000005
0.18,0.56,0.7411,0.43805000000000005
0.18,0.58,0.7377499999999999,0.4351
0.18,0.6,0.7343,0.4325499999999999
0.18,0.62,0.7377499999999999,0.429
0.18,0.64,0.7394,0.43289999999999995
0.18,0.66,0.7362,0.42535
0.18,0.68,0.7381999999999999,0.42919999999999997
0.18,0.7000000000000001,0.7343500000000001,0.4255999999999999
0.18,0.72,0.73695,0.43145
0.18,0.74,0.736,0.42874999999999996
0.18,0.76,0.7360499999999999,0.422
0.18,0.78,0.73275,0.42280000000000006
0.18,0.8,0.7374499999999998,0.4252999999999999
0.18,0.8200000000000001,0.7358,0.42164999999999997
0.18,0.84,0.7392500000000001,0.4260999999999999
0.18,0.86,0.7371,0.42275
0.18,0.88,0.73425,0.42180000000000006
0.18,0.9,0.7392,0.4266
0.18,0.92,0.73535,0.41784999999999994
0.18,0.9400000000000001,0.74075,0.42279999999999995
0.18,0.96,0.7365999999999999,0.41550000000000004
0.18,0.98,0.7367,0.4178
0.18,1.0,0.7366,0.4180499999999999
0.18,1.02,0.74005,0.42145
0.18,1.04,0.7359,0.41289999999999993
0.18,1.06,0.73555,0.41435000000000005
0.18,1.08,0.7368500000000001,0.41895000000000004
0.2,0.0,0.7375999999999999,0.4406999999999999
0.2,0.02,0.7410500000000001,0.44605000000000006
0.2,0.04,0.7381,0.44315000000000004
0.2,0.06,0.7398,0.44209999999999994
0.2,0.08,0.74045,0.44375
0.2,0.1,0.73995,0.44385
0.2,0.12,0.7434499999999999,0.4448
0.2,0.14,0.74095,0.44335
0.2,0.16,0.7371999999999999,0.43965
0.2,0.18,0.7354,0.4402500000000001
0.2,0.2,0.7374999999999999,0.4388500000000001
0.2,0.22,0.73925,0.4391999999999999
0.2,0.24,0.7402499999999999,0.43979999999999997
0.2,0.26,0.73605,0.429
0.2,0.28,0.73975,0.4382
0.2,0.3,0.7388,0.4344500000000001
0.2,0.32,0.7418499999999999,0.44064999999999993
0.2,0.34,0.7401,0.4368
0.2,0.36,0.7403500000000001,0.43425
0.2,0.38,0.73785,0.43229999999999996
0.2,0.4,0.7373500000000001,0.43095
0.2,0.42,0.74185,0.434
0.2,0.44,0.7394000000000001,0.4304
0.2,0.46,0.74055,0.43439999999999995
0.2,0.48,0.73805,0.43054999999999993
0.2,0.5,0.7352500000000001,0.4255
0.2,0.52,0.7358999999999999,0.4245
0.2,0.54,0.7405,0.42665
0.2,0.56,0.73955,0.43084999999999996
0.2,0.58,0.73905,0.42675
0.2,0.6,0.7426,0.4332999999999999
0.2,0.62,0.7384,0.4231
0.2,0.64,0.7399500000000001,0.42780000000000007
0.2,0.66,0.7417499999999999,0.4282
0.2,0.68,0.7385,0.42115
0.2,0.7000000000000001,0.7352,0.42045000000000005
0.2,0.72,0.73845,0.4244
0.2,0.74,0.7387499999999999,0.41915
0.2,0.76,0.74155,0.42590000000000006
0.2,0.78,0.7369,0.4173
0.2,0.8,0.7379,0.42295000000000005
0.2,0.8200000000000001,0.7387499999999999,0.4219500000000001
0.2,0.84,0.7369999999999999,0.41674999999999995
0.2,0.86,0.7374,0.4184
0.2,0.88,0.7351500000000001,0.4122
0.2,0.9,0.7361,0.41615
0.2,0.92,0.73585,0.41154999999999997
0.2,0.9400000000000001,0.73755,0.4144
0.2,0.96,0.73995,0.41965
0.2,0.98,0.7326499999999999,0.40610000000000007
0.2,1.0,0.73785,0.4140499999999999
0.2,1.02,0.74105,0.41695000000000004
0.2,1.04,0.7371999999999999,0.41030000000000005
0.2,1.06,0.73925,0.41370000000000007
0.2,1.08,0.7422000000000001,0.41790000000000005
0.22,0.0,0.7416999999999999,0.4418
0.22,0.02,0.74145,0.43994999999999995
0.22,0.04,0.7383,0.4367500000000001
0.22,0.06,0.7407499999999999,0.43929999999999997
0.22,0.08,0.74075,0.43845
0.22,0.1,0.7379999999999999,0.43279999999999996
0.22,0.12,0.7382,0.4302
0.22,0.14,0.74215,0.4349
0.22,0.16,0.7363,0.42994999999999994
0.22,0.18,0.7434000000000001,0.43655
0.22,0.2,0.7375499999999999,0.42905000000000004
0.22,0.22,0.7432000000000001,0.43600000000000005
0.22,0.24,0.7394499999999999,0.4326999999999999
0.22,0.26,0.73965,0.42845000000000005
0.22,0.28,0.73845,0.4279
0.22,0.3,0.7384499999999999,0.42679999999999996
0.22,0.32,0.73905,0.4305
0.22,0.34,0.7389500000000001,0.42805
0.22,0.36,0.74255,0.43084999999999996
0.22,0.38,0.74435,0.4306
0.22,0.4,0.7438,0.43515
0.22,0.42,0.73895,0.42585000000000006
0.22,0.44,0.7382500000000001,0.4236
0.22,0.46,0.73795,0.42485
0.22,0.48,0.7401500000000001,0.42794999999999994
0.22,0.5,0.7402999999999998,0.42669999999999997
0.22,0.52,0.73905,0.42330000000000007
0.22,0.54,0.7415499999999999,0.42584999999999995
0.22,0.56,0.7396499999999999,0.42095000000000005
0.22,0.58,0.7427,0.4227499999999999
0.22,0.6,0.7408999999999999,0.42345000000000005
0.22,0.62,0.74265,0.42400000000000004
0.22,0.64,0.7384000000000001,0.4166499999999999
0.22,0.66,0.7392500000000001,0.4187
0.22,0.68,0.74265,0.42374999999999996
0.22,0.7000000000000001,0.74145,0.42135
0.22,0.72,0.7375499999999999,0.41355
0.22,0.74,0.7405499999999999,0.41935
0.22,0.76,0.7405499999999999,0.4206
0.22,0.78,0.7412,0.41875
0.22,0.8,0.7380500000000001,0.41195000000000004
0.22,0.8200000000000001,0.7401500000000001,0.41735000000000005
0.22,0.84,0.7372500000000001,0.4105
0.22,0.86,0.7394999999999999,0.41335
0.22,0.88,0.7380999999999999,0.41479999999999995
0.22,0.9,0.7382500000000001,0.41369999999999996
0.22,0.92,0.7427499999999999,0.42074999999999996
0.22,0.9400000000000001,0.74215,0.41864999999999997
0.22,0.96,0.7419,0.4171
0.22,0.98,0.7389499999999999,0.41164999999999996
0.22,1.0,0.7417999999999999,0.41545
0.22,1.02,0.7368,0.4081499999999999
0.22,1.04,0.7372000000000001,0.40825000000000006
0.22,1.06,0.7366999999999999,0.41
0.22,1.08,0.7383,0.41014999999999996
0.24,0.0,0.74135,0.43245000000000006
0.24,0.02,0.74355,0.4312
0.24,0.04,0.73835,0.42765000000000003
0.24,0.06,0.74025,0.43019999999999997
0.24,0.08,0.7393500000000002,0.42524999999999996
0.24,0.1,0.74275,0.4342
0.24,0.12,0.7410500000000001,0.42655000000000004
0.24,0.14,0.73945,0.4267
0.24,0.16,0.7424000000000001,0.42995
0.24,0.18,0.74075,0.42994999999999994
0.24,0.2,0.7424499999999999,0.42575
0.24,0.22,0.7401000000000001,0.42545
0.24,0.24,0.74015,0.422
0.24,0.26,0.7422,0.4269499999999999
0.24,0.28,0.7432000000000001,0.42635000000000006
0.24,0.3,0.741,0.42325
0.24,0.32,0.7364499999999999,0.41694999999999993
0.24,0.34,0.741,0.4202
0.24,0.36,0.7417,0.42435
0.24,0.38,0.7422500000000001,0.42210000000000003
0.24,0.4,0.7426,0.42245
0.24,0.42,0.7433,0.42669999999999997
0.24,0.44,0.7414500000000002,0.42195
0.24,0.46,0.7415999999999999,0.4236999999999999
0.24,0.48,0.7383000000000001,0.41695000000000004
0.24,0.5,0.7398,0.42119999999999996
0.24,0.52,0.7432000000000001,0.42315
0.24,0.54,0.7417499999999999,0.42250000000000004
0.24,0.56,0.74315,0.42374999999999996
0.24,0.58,0.74545,0.42750000000000005
0.24,0.6,0.7406499999999998,0.42040000000000005
0.24,0.62,0.74025,0.41755
0.24,0.64,0.73805,0.4098
0.24,0.66,0.7420500000000001,0.41685
0.24,0.68,0.7417500000000001,0.41694999999999993
0.24,0.7000000000000001,0.7411500000000001,0.42015
0.24,0.72,0.7423000000000001,0.41480000000000006
0.24,0.74,0.7395,0.41115
0.24,0.76,0.74225,0.41579999999999995
0.24,0.78,0.7445,0.4187
0.24,0.8,0.7403500000000001,0.41245000000000004
0.24,0.8200000000000001,0.736,0.40445000000000003
0.24,0.84,0.7422500000000001,0.41345
0.24,0.86,0.74045,0.41450000000000004
0.24,0.88,0.7387,0.40625
0.24,0.9,0.74075,0.41085000000000005
0.24,0.92,0.73935,0.40995
0.24,0.9400000000000001,0.74055,0.4102
0.24,0.96,0.7411,0.41059999999999997
0.24,0.98,0.7446499999999999,0.4145
0.24,1.0,0.73845,0.40695
0.24,1.02,0.7430000000000001,0.41455000000000003
0.24,1.04,0.73885,0.4069
0.24,1.06,0.74235,0.40984999999999994
0.24,1.08,0.7343500000000001,0.40054999999999996
0.26,0.0,0.7437500000000001,0.42969999999999997
0.26,0.02,0.74015,0.42330000000000007
0.26,0.04,0.7420000000000001,0.42400000000000004
0.26,0.06,0.7436,0.4271000000000001
0.26,0.08,0.7433500000000001,0.42680000000000007
0.26,0.1,0.7413500000000001,0.42435
0.26,0.12,0.7392,0.4239
0.26,0.14,0.7379,0.41690000000000005
0.26,0.16,0.7448,0.42734999999999995
0.26,0.18,0.7383499999999998,0.4205
0.26,0.2,0.7419,0.4218
0.26,0.22,0.7383000000000001,0.41624999999999995
0.26,0.24,0.74705,0.42795000000000005
0.26,0.26,0.7404500000000002,0.41695000000000004
0.26,0.28,0.741,0.41659999999999997
0.26,0.3,0.7419999999999999,0.41814999999999997
0.26,0.32,0.73885,0.41669999999999996
0.26,0.34,0.7403500000000001,0.41595000000000004
0.26,0.36,0.7402499999999999,0.41265
0.26,0.38,0.7441500000000001,0.4220499999999999
0.26,0.4,0.7408999999999999,0.4200500000000001
0.26,0.42,0.74125,0.4199
0.26,0.44,0.74215,0.4184
0.26,0.46,0.74265,0.41655
0.26,0.48,0.7394499999999999,0.41290000000000004
0.26,0.5,0.7385,0.40895000000000004
0.26,0.52,0.74505,0.4215
0.26,0.54,0.7407000000000001,0.4138
0.26,0.56,0.7413000000000001,0.41425
0.26,0.58,0.7406499999999999,0.41705000000000003
0.26,0.6,0.7431,0.41204999999999997
0.26,0.62,0.7399000000000001,0.4119499999999999
0.26,0.64,0.7407000000000001,0.4120000000000001
0.26,0.66,0.74035,0.41174999999999995
0.26,0.68,0.74195,0.41150000000000003
0.26,0.7000000000000001,0.7425999999999999,0.4125000000000001
0.26,0.72,0.7404,0.40840000000000004
0.26,0.74,0.73935,0.40754999999999997
0.26,0.76,0.7415999999999999,0.4162
0.26,0.78,0.73975,0.40885
0.26,0.8,0.7415,0.40890000000000004
0.26,0.8200000000000001,0.739,0.40745
0.26,0.84,0.73815,0.40895000000000004
0.26,0.86,0.7421500000000001,0.41030000000000005
0.26,0.88,0.7436499999999999,0.40985000000000005
0.26,0.9,0.7415499999999999,0.40935000000000005
0.26,0.92,0.7429,0.41055
0.26,0.9400000000000001,0.7385499999999998,0.40625
0.26,0.96,0.7418500000000001,0.4053
0.26,0.98,0.74165,0.40564999999999996
0.26,1.0,0.7405999999999999,0.40745000000000003
0.26,1.02,0.7417499999999999,0.4107
0.26,1.04,0.7395499999999999,0.40504999999999997
0.26,1.06,0.7424000000000002,0.40695
0.26,1.08,0.7392000000000001,0.40069999999999995
0.28,0.0,0.7440499999999999,0.4252999999999999
0.28,0.02,0.74045,0.41719999999999996
0.28,0.04,0.7427500000000001,0.41935
0.28,0.06,0.74315,0.42125
0.28,0.08,0.7402999999999998,0.41319999999999996
0.28,0.1,0.7408,0.4164
0.28,0.12,0.74025,0.41980000000000006
0.28,0.14,0.7455999999999999,0.4223
0.28,0.16,0.742,0.42049999999999993
0.28,0.18,0.7425,0.42160000000000003
0.28,0.2,0.7408000000000001,0.41805000000000003
0.28,0.22,0.7416500000000001,0.4171
0.28,0.24,0.74355,0.41505000000000003
0.28,0.26,0.7429000000000001,0.4152499999999999
0.28,0.28,0.7466,0.41899999999999993
0.28,0.3,0.74485,0.4182
0.28,0.32,0.74275,0.41705
0.28,0.34,0.742,0.41375
0.28,0.36,0.74175,0.4135000000000001
0.28,0.38,0.7438499999999999,0.4178
0.28,0.4,0.7432,0.4152
0.28,0.42,0.7422500000000001,0.41430000000000006
0.28,0.44,0.7358,0.39845
0.28,0.46,0.7437500000000001,0.41495000000000004
0.28,0.48,0.741,0.4125
0.28,0.5,0.7421000000000001,0.41305
0.28,0.52,0.7445,0.41345
0.28,0.54,0.7423,0.4142
0.28,0.56,0.7436000000000001,0.4102
0.28,0.58,0.7417500000000001,0.41069999999999995
0.28,0.6,0.74485,0.41974999999999996
0.28,0.62,0.7404499999999999,0.40939999999999993
0.28,0.64,0.7452500000000001,0.41605
0.28,0.66,0.74275,0.40995
0.28,0.68,0.7432999999999998,0.41269999999999996
0.28,0.7000000000000001,0.7401499999999999,0.40145
0.28,0.72,0.7391,0.40470000000000006
0.28,0.74,0.7375,0.40015
0.28,0.76,0.7406499999999998,0.40829999999999994
0.28,0.78,0.7441000000000001,0.41364999999999996
0.28,0.8,0.7410500000000001,0.41129999999999994
0.28,0.8200000000000001,0.7457,0.4145
0.28,0.84,0.742,0.4077
0.28,0.86,0.7413000000000001,0.40745000000000003
0.28,0.88,0.7393500000000001,0.4005500000000001
0.28,0.9,0.7419999999999999,0.40650000000000003
0.28,0.92,0.7423,0.40869999999999995
0.28,0.9400000000000001,0.7401500000000001,0.40330000000000005
0.28,0.96,0.7416499999999999,0.40745
0.28,0.98,0.7424000000000001,0.4086
0.28,1.0,0.7443500000000001,0.4066000000000001
0.28,1.02,0.74075,0.4018999999999999
0.28,1.04,0.7400499999999999,0.4001499999999999
0.28,1.06,0.7393,0.39965000000000006
0.28,1.08,0.7408999999999999,0.39970000000000006
0.3,0.0,0.74265,0.41869999999999996
0.3,0.02,0.7459499999999999,0.42164999999999997
0.3,0.04,0.74145,0.41204999999999997
0.3,0.06,0.7403500000000001,0.41525
0.3,0.08,0.7412000000000001,0.4133
0.3,0.1,0.74215,0.41165
0.3,0.12,0.74215,0.4135000000000001
0.3,0.14,0.74445,0.4182499999999999
0.3,0.16,0.74325,0.41345
0.3,0.18,0.7425,0.413
0.3,0.2,0.7405999999999999,0.4105
0.3,0.22,0.7426999999999999,0.41224999999999995
0.3,0.24,0.7395499999999999,0.40650000000000003
0.3,0.26,0.7426999999999999,0.41324999999999995
0.3,0.28,0.7420000000000001,0.4096
0.3,0.3,0.74545,0.4170999999999999
0.3,0.32,0.7481000000000001,0.42055
0.3,0.34,0.73935,0.40549999999999997
0.3,0.36,0.74695,0.4165
0.3,0.38,0.7474,0.41895
0.3,0.4,0.74285,0.41095
0.3,0.42,0.7438,0.41564999999999996
0.3,0.44,0.7415,0.4069999999999999
0.3,0.46,0.7424,0.41084999999999994
0.3,0.48,0.74025,0.40595
0.3,0.5,0.74585,0.41705000000000003
0.3,0.52,0.7428,0.40995
0.3,0.54,0.7395999999999999,0.40705
0.3,0.56,0.74055,0.40535
0.3,0.58,0.744,0.40759999999999996
0.3,0.6,0.7432000000000001,0.40729999999999994
0.3,0.62,0.7420499999999999,0.40675
0.3,0.64,0.7472500000000001,0.41295000000000004
0.3,0.66,0.7414,0.40169999999999995
0.3,0.68,0.74445,0.41
0.3,0.7000000000000001,0.7420000000000001,0.40585000000000004
0.3,0.72,0.7407000000000001,0.40309999999999996
0.3,0.74,0.74175,0.40519999999999995
0.3,0.76,0.7427499999999999,0.40490000000000004
0.3,0.78,0.7423000000000001,0.4039499999999999
0.3,0.8,0.74215,0.40404999999999996
0.3,0.8200000000000001,0.7451999999999999,0.4069999999999999
0.3,0.84,0.7428000000000001,0.4048
0.3,0.86,0.7447999999999999,0.40845000000000004
0.3,0.88,0.7451,0.40840000000000004
0.3,0.9,0.7428,0.40485
0.3,0.92,0.7415,0.40245
0.3,0.9400000000000001,0.7416999999999999,0.4034
0.3,0.96,0.7412500000000001,0.40445000000000003
0.3,0.98,0.7378500000000001,0.39495
0.3,1.0,0.7444999999999999,0.40485000000000004
0.3,1.02,0.7434499999999999,0.40095000000000003
0.3,1.04,0.7415,0.40149999999999997
0.3,1.06,0.7424,0.40140000000000003
0.3,1.08,0.73985,0.3964
0.32,0.0,0.7446999999999999,0.41125
0.32,0.02,0.744,0.4136
0.32,0.04,0.74475,0.41215
0.32,0.06,0.7433,0.40969999999999995
0.32,0.08,0.74615,0.41659999999999997
0.32,0.1,0.7421,0.40940000000000004
0.32,0.12,0.7417,0.40625
0.32,0.14,0.7411,0.41269999999999996
0.32,0.16,0.7466999999999999,0.4140499999999999
0.32,0.18,0.74375,0.4096
0.32,0.2,0.7427499999999999,0.40545
0.32,0.22,0.7431,0.4103
0.32,0.24,0.74875,0.41659999999999997
0.32,0.26,0.7436499999999999,0.4122
0.32,0.28,0.7405499999999999,0.4064
0.32,0.3,0.74325,0.41125
0.32,0.32,0.7436499999999999,0.41285
0.32,0.34,0.7403,0.40415
0.32,0.36,0.7428999999999999,0.40945
0.32,0.38,0.7463000000000001,0.41125
0.32,0.4,0.74895,0.4154999999999999
0.32,0.42,0.7434,0.40745
0.32,0.44,0.7409000000000001,0.40445000000000003
0.32,0.46,0.7470000000000001,0.41805000000000003
0.32,0.48,0.7448999999999999,0.40975
0.32,0.5,0.7415,0.40835
0.32,0.52,0.7448,0.41075
0.32,0.54,0.7443,0.40549999999999997
0.32,0.56,0.7442499999999999,0.40939999999999993
0.32,0.58,0.7428999999999999,0.4039
0.32,0.6,0.74165,0.39915000000000006
0.32,0.62,0.7444999999999999,0.40545
0.32,0.64,0.74005,0.39975
0.32,0.66,0.7451,0.4085500000000001
0.32,0.68,0.7444499999999998,0.40705
0.32,0.7000000000000001,0.7422499999999999,0.40364999999999995
0.32,0.72,0.7446499999999999,0.40865
0.32,0.74,0.7443000000000001,0.40984999999999994
0.32,0.76,0.7403500000000001,0.39760000000000006
0.32,0.78,0.7431500000000001,0.40469999999999995
0.32,0.8,0.7434000000000001,0.40215000000000006
0.32,0.8200000000000001,0.73945,0.3972
0.32,0.84,0.74095,0.40009999999999996
0.32,0.86,0.7394000000000001,0.39880000000000004
0.32,0.88,0.7448,0.4058
0.32,0.9,0.7426999999999999,0.40279999999999994
0.32,0.92,0.7428,0.40165000000000006
0.32,0.9400000000000001,0.7396,0.39595
0.32,0.96,0.7422,0.40310000000000007
0.32,0.98,0.7453,0.40235000000000004
0.32,1.0,0.7417499999999999,0.3988
0.32,1.02,0.7429499999999999,0.4022
0.32,1.04,0.7412,0.39780000000000004
0.32,1.06,0.74445,0.40375000000000005
0.32,1.08,0.74115,0.39685000000000004
0.34,0.0,0.7442,0.414
0.34,0.02,0.74355,0.41150000000000003
0.34,0.04,0.7414,0.40774999999999995
0.34,0.06,0.7465499999999999,0.4123
0.34,0.08,0.7436999999999999,0.41075
0.34,0.1,0.7442,0.41
0.34,0.12,0.7438499999999999,0.4086499999999999
0.34,0.14,0.74535,0.41204999999999997
0.34,0.16,0.7409999999999999,0.40549999999999997
0.34,0.18,0.7414000000000001,0.4053
0.34,0.2,0.7449,0.4085500000000001
0.34,0.22,0.7459499999999999,0.4107
0.34,0.24,0.7484999999999999,0.41390000000000005
0.34,0.26,0.7440499999999999,0.4085
0.34,0.28,0.7430000000000001,0.4058
0.34,0.3,0.7443000000000001,0.40375000000000005
0.34,0.32,0.7462,0.4088
0.34,0.34,0.74635,0.40854999999999997
0.34,0.36,0.7431,0.4061
0.34,0.38,0.7399499999999999,0.39695
0.34,0.4,0.74395,0.4085
0.34,0.42,0.74305,0.40549999999999997
0.34,0.44,0.74595,0.40645
0.34,0.46,0.74335,0.40570000000000006
0.34,0.48,0.7445999999999999,0.40655
0.34,0.5,0.74455,0.40870000000000006
0.34,0.52,0.7428499999999999,0.40515
0.34,0.54,0.743,0.4025499999999999
0.34,0.56,0.7445,0.4029
0.34,0.58,0.7438,0.40454999999999997
0.34,0.6,0.7440999999999999,0.40284999999999993
0.34,0.62,0.7454999999999999,0.40195
0.34,0.64,0.7434000000000001,0.40345000000000003
0.34,0.66,0.74285,0.4034
0.34,0.68,0.7404499999999999,0.39695
0.34,0.7000000000000001,0.7405499999999999,0.4018
0.34,0.72,0.7431999999999999,0.4043
0.34,0.74,0.7411,0.39555
0.34,0.76,0.7439,0.40059999999999996
0.34,0.78,0.7417,0.40020000000000006
0.34,0.8,0.7424,0.40015
0.34,0.8200000000000001,0.74345,0.40099999999999997
0.34,0.84,0.7448,0.40765
0.34,0.86,0.7404499999999999,0.40090000000000003
0.34,0.88,0.746,0.40705
0.34,0.9,0.7446999999999999,0.40054999999999996
0.34,0.92,0.7480499999999999,0.4048
0.34,0.9400000000000001,0.742,0.3998499999999999
0.34,0.96,0.7439,0.40190000000000003
0.34,0.98,0.7456999999999999,0.39985000000000004
0.34,1.0,0.74375,0.39994999999999997
0.34,1.02,0.7417999999999999,0.3951
0.34,1.04,0.7450999999999999,0.40099999999999997
0.34,1.06,0.7444,0.39880000000000004
0.34,1.08,0.74455,0.3982
0.36,0.0,0.7464000000000001,0.41200000000000003
0.36,0.02,0.7427500000000002,0.40125
0.36,0.04,0.7444,0.40795000000000003
0.36,0.06,0.7464999999999998,0.41364999999999996
0.36,0.08,0.7412,0.40415
0.36,0.1,0.7483000000000001,0.4147
0.36,0.12,0.74195,0.4045500000000001
0.36,0.14,0.7451,0.40335
0.36,0.16,0.7436,0.4022
0.36,0.18,0.7415999999999998,0.4001
0.36,0.2,0.7450500000000001,0.40384999999999993
0.36,0.22,0.7446999999999999,0.40804999999999997
0.36,0.24,0.7432,0.40525
0.36,0.26,0.7417499999999999,0.4035
0.36,0.28,0.74515,0.4065
0.36,0.3,0.7419,0.39895
0.36,0.32,0.7458499999999999,0.4085500000000001
0.36,0.34,0.7451000000000001,0.40549999999999997
0.36,0.36,0.7456499999999999,0.40815
0.36,0.38,0.7464500000000001,0.40774999999999995
0.36,0.4,0.7459,0.4056
0.36,0.42,0.74495,0.40345000000000003
0.36,0.44,0.7452,0.40750000000000003
0.36,0.46,0.7428999999999999,0.39775
0.36,0.48,0.74735,0.4085
0.36,0.5,0.7466999999999999,0.4046
0.36,0.52,0.7415,0.40235000000000004
0.36,0.54,0.7501,0.4114999999999999
0.36,0.56,0.7407,0.3993
0.36,0.58,0.7415999999999999,0.4014500000000001
0.36,0.6,0.7441500000000001,0.40185000000000004
0.36,0.62,0.7427,0.40065
0.36,0.64,0.7449499999999999,0.40170000000000006
0.36,0.66,0.7426999999999999,0.4016
0.36,0.68,0.74285,0.39714999999999995
0.36,0.7000000000000001,0.7448,0.40360000000000007
0.36,0.72,0.7439499999999999,0.40375000000000005
0.36,0.74,0.7441500000000001,0.40120000000000006
0.36,0.76,0.7432000000000001,0.4003500000000001
0.36,0.78,0.7449000000000001,0.3997
0.36,0.8,0.7462,0.40354999999999996
0.36,0.8200000000000001,0.74665,0.40364999999999995
0.36,0.84,0.7438000000000001,0.4029999999999999
0.36,0.86,0.7409499999999999,0.39475000000000005
0.36,0.88,0.74465,0.39955
0.36,0.9,0.7419,0.39780000000000004
0.36,0.92,0.74685,0.4074
0.36,0.9400000000000001,0.7439,0.39945
0.36,0.96,0.7444500000000002,0.3973999999999999
0.36,0.98,0.7486999999999999,0.40425000000000005
0.36,1.0,0.7453000000000001,0.4037
0.36,1.02,0.7429499999999999,0.39915
0.36,1.04,0.74725,0.40549999999999997
0.36,1.06,0.7443500000000001,0.3986
0.36,1.08,0.74635,0.40385
0.38,0.0,0.74495,0.40625
0.38,0.02,0.7440499999999999,0.40359999999999996
0.38,0.04,0.7433500000000002,0.4035500000000001
0.38,0.06,0.7416499999999999,0.40025000000000005
0.38,0.08,0.74535,0.40825000000000006
0.38,0.1,0.7463500000000001,0.40665000000000007
0.38,0.12,0.74565,0.4084
0.38,0.14,0.7446999999999999,0.40555
0.38,0.16,0.7435499999999999,0.40519999999999995
0.38,0.18,0.74365,0.40495000000000003
0.38,0.2,0.74505,0.4061
0.38,0.22,0.7418,0.40145
0.38,0.24,0.7424000000000001,0.40214999999999995
0.38,0.26,0.74585,0.40440000000000004
0.38,0.28,0.7461,0.4069
0.38,0.3,0.7459,0.40875000000000006
0.38,0.32,0.74425,0.40564999999999996
0.38,0.34,0.74405,0.4016
0.38,0.36,0.7440499999999999,0.40124999999999994
0.38,0.38,0.7428,0.40149999999999997
0.38,0.4,0.74345,0.40155
0.38,0.42,0.7440499999999999,0.39725
0.38,0.44,0.7483500000000001,0.41129999999999994
0.38,0.46,0.7459,0.40435
0.38,0.48,0.74115,0.39554999999999996
0.38,0.5,0.74585,0.4022
0.38,0.52,0.7432000000000001,0.40315
0.38,0.54,0.74395,0.4004
0.38,0.56,0.7433,0.39899999999999997
0.38,0.58,0.74415,0.4029
0.38,0.6,0.7458500000000001,0.4039
0.38,0.62,0.7454000000000001,0.4029
0.38,0.64,0.7464000000000001,0.40454999999999997
0.38,0.66,0.74625,0.40499999999999997
0.38,0.68,0.7438,0.3997
0.38,0.7000000000000001,0.74685,0.40505
0.38,0.72,0.7468,0.4024
0.38,0.74,0.74615,0.4037
0.38,0.76,0.7482,0.40295000000000003
0.38,0.78,0.7434,0.3961
0.38,0.8,0.7455999999999999,0.40225
0.38,0.8200000000000001,0.7419,0.39655
0.38,0.84,0.7429,0.394
0.38,0.86,0.74725,0.40404999999999996
0.38,0.88,0.7452500000000001,0.40315
0.38,0.9,0.7423499999999998,0.39664999999999995
0.38,0.92,0.74505,0.39744999999999997
0.38,0.9400000000000001,0.7443500000000001,0.39485000000000003
0.38,0.96,0.74305,0.3983
0.38,0.98,0.7422500000000001,0.39554999999999996
0.38,1.0,0.7464500000000001,0.40555
0.38,1.02,0.74585,0.39575
0.38,1.04,0.74415,0.3994
0.38,1.06,0.7454500000000001,0.40124999999999994
0.38,1.08,0.7451000000000001,0.3981
0.4,0.0,0.7433,0.40135
0.4,0.02,0.74445,0.40230000000000005
0.4,0.04,0.74775,0.4084
0.4,0.06,0.74055,0.3996
0.4,0.08,0.7428999999999999,0.40235000000000004
0.4,0.1,0.747,0.4083
0.4,0.12,0.7403500000000001,0.40090000000000003
0.4,0.14,0.7444000000000001,0.4035500000000001
0.4,0.16,0.74795,0.41100000000000003
0.4,0.18,0.74095,0.39515
0.4,0.2,0.74615,0.40409999999999996
0.4,0.22,0.74585,0.4035
0.4,0.24,0.7398,0.39565
0.4,0.26,0.7411999999999999,0.39825
0.4,0.28,0.7451000000000001,0.4023
0.4,0.3,0.74495,0.40234999999999993
0.4,0.32,0.7468,0.4058
0.4,0.34,0.7474999999999998,0.4061
0.4,0.36,0.7434499999999999,0.3961
0.4,0.38,0.7454500000000002,0.4019500000000001
0.4,0.4,0.74135,0.396
0.4,0.42,0.7436999999999999,0.39964999999999995
0.4,0.44,0.7443500000000001,0.40054999999999996
0.4,0.46,0.747,0.40505
0.4,0.48,0.74675,0.40260000000000007
0.4,0.5,0.7441500000000001,0.39990000000000003
0.4,0.52,0.74435,0.40135
0.4,0.54,0.74135,0.39740000000000003
0.4,0.56,0.7461,0.40440000000000004
0.4,0.58,0.7501,0.40735
0.4,0.6,0.7477,0.40599999999999997
0.4,0.62,0.7435,0.3963
0.4,0.64,0.74755,0.40469999999999995
0.4,0.66,0.7464,0.40054999999999996
0.4,0.68,0.7487,0.4053
0.4,0.7000000000000001,0.7412,0.3962
0.4,0.72,0.7439,0.3996
0.4,0.74,0.7428000000000001,0.39444999999999997
0.4,0.76,0.7442,0.39730000000000004
0.4,0.78,0.7382,0.39039999999999997
0.4,0.8,0.7449000000000001,0.3992
0.4,0.8200000000000001,0.74285,0.3948000000000001
0.4,0.84,0.7460500000000001,0.39920000000000005
0.4,0.86,0.7455,0.39935
0.4,0.88,0.74665,0.39949999999999997
0.4,0.9,0.7423500000000001,0.3958
0.4,0.92,0.74445,0.3981
0.4,0.9400000000000001,0.7445,0.39635000000000004
0.4,0.96,0.74005,0.389
0.4,0.98,0.74365,0.39449999999999996
0.4,1.0,0.7451999999999999,0.39954999999999996
0.4,1.02,0.7440999999999999,0.39635000000000004
0.4,1.04,0.74435,0.39155
0.4,1.06,0.7463,0.39990000000000003
0.4,1.08,0.74485,0.39515
0.42,0.0,0.7438,0.39925
0.42,0.02,0.7437,0.39755
0.42,0.04,0.74295,0.39695
0.42,0.06,0.7455999999999998,0.39960000000000007
0.42,0.08,0.74685,0.40284999999999993
0.42,0.1,0.7467499999999999,0.4021
0.42,0.12,0.7429,0.39495
0.42,0.14,0.74375,0.39654999999999996
0.42,0.16,0.7471,0.4064500000000001
0.42,0.18,0.74165,0.39940000000000003
0.42,0.2,0.74685,0.40259999999999996
0.42,0.22,0.7443500000000001,0.4024
0.42,0.24,0.7416999999999999,0.39665000000000006
0.42,0.26,0.7432500000000001,0.39855
0.42,0.28,0.7448,0.3973
0.42,0.3,0.7490500000000001,0.40935
0.42,0.32,0.7442499999999999,0.39905
0.42,0.34,0.7451999999999999,0.4005500000000001
0.42,0.36,0.7437499999999999,0.3984
0.42,0.38,0.7455,0.39945
0.42,0.4,0.7436499999999999,0.39785000000000004
0.42,0.42,0.74285,0.39545
0.42,0.44,0.7461,0.403
0.42,0.46,0.7446999999999999,0.39604999999999996
0.42,0.48,0.7455,0.40275
0.42,0.5,0.74415,0.39485000000000003
0.42,0.52,0.747,0.40074999999999994
0.42,0.54,0.7445999999999999,0.3983
0.42,0.56,0.74345,0.3983499999999999
0.42,0.58,0.74335,0.3951
0.42,0.6,0.7453000000000001,0.39794999999999997
0.42,0.62,0.73765,0.38515
0.42,0.64,0.7432000000000001,0.3989000000000001
0.42,0.66,0.7443500000000001,0.39469999999999994
0.42,0.68,0.7482,0.4042
0.42,0.7000000000000001,0.73975,0.3894
0.42,0.72,0.7464500000000001,0.39825
0.42,0.74,0.7472000000000001,0.3986
0.42,0.76,0.7447999999999999,0.39654999999999996
0.42,0.78,0.74255,0.3919
0.42,0.8,0.7437,0.39585000000000004
0.42,0.8200000000000001,0.74225,0.39380000000000004
0.42,0.84,0.746,0.40140000000000003
0.42,0.86,0.74135,0.38975
0.42,0.88,0.7440500000000001,0.393
0.42,0.9,0.7451,0.3981
0.42,0.92,0.74725,0.39830000000000004
0.42,0.9400000000000001,0.74275,0.39390000000000003
0.42,0.96,0.7460500000000001,0.39805
0.42,0.98,0.7436,0.3931
0.42,1.0,0.7472000000000001,0.40090000000000003
0.42,1.02,0.7445000000000002,0.39805
0.42,1.04,0.7473499999999998,0.4
0.42,1.06,0.74475,0.39804999999999996
0.42,1.08,0.7454,0.39485000000000003
0.44,0.0,0.7464999999999999,0.39714999999999995
0.44,0.02,0.7515500000000002,0.41014999999999996
0.44,0.04,0.7459499999999999,0.4032
0.44,0.06,0.7444,0.39625
0.44,0.08,0.7434999999999999,0.3960000000000001
0.44,0.1,0.74785,0.40385
0.44,0.12,0.74685,0.40485
0.44,0.14,0.7441500000000001,0.40190000000000003
0.44,0.16,0.7458,0.40315
0.44,0.18,0.7463,0.39885
0.44,0.2,0.74485,0.40160000000000007
0.44,0.22,0.7492,0.4041
0.44,0.24,0.74875,0.40515000000000007
0.44,0.26,0.7471,0.40155
0.44,0.28,0.74415,0.39975
0.44,0.3,0.7472,0.39985000000000004
0.44,0.32,0.7475,0.40120000000000006
0.44,0.34,0.7457500000000001,0.39815
0.44,0.36,0.7416499999999999,0.39464999999999995
0.44,0.38,0.7460000000000001,0.399
0.44,0.4,0.74485,0.39754999999999996
0.44,0.42,0.7463999999999998,0.4004499999999999
0.44,0.44,0.7459000000000001,0.39844999999999997
0.44,0.46,0.7465499999999999,0.39954999999999996
0.44,0.48,0.7473999999999998,0.40264999999999995
0.44,0.5,0.7414999999999999,0.39125
0.44,0.52,0.7439999999999999,0.39509999999999995
0.44,0.54,0.7450500000000001,0.39649999999999996
0.44,0.56,0.74705,0.39855
0.44,0.58,0.74235,0.39320000000000005
0.44,0.6,0.7462500000000001,0.39949999999999997
0.44,0.62,0.7460000000000001,0.3982
0.44,0.64,0.74755,0.40335
0.44,0.66,0.7436999999999999,0.39585000000000004
0.44,0.68,0.74335,0.3937
0.44,0.7000000000000001,0.7432500000000001,0.39654999999999996
0.44,0.72,0.7446499999999999,0.3958
0.44,0.74,0.74095,0.39275000000000004
0.44,0.76,0.73985,0.38580000000000003
0.44,0.78,0.74265,0.3943
0.44,0.8,0.74505,0.3981500000000001
0.44,0.8200000000000001,0.7476499999999999,0.40440000000000004
0.44,0.84,0.74365,0.39525
0.44,0.86,0.7404,0.38939999999999997
0.44,0.88,0.7447999999999999,0.39725
0.44,0.9,0.7444,0.39594999999999997
0.44,0.92,0.74245,0.39455
0.44,0.9400000000000001,0.74435,0.39239999999999997
0.44,0.96,0.74505,0.39175
0.44,0.98,0.7455999999999999,0.3981
0.44,1.0,0.7453000000000001,0.39655
0.44,1.02,0.74935,0.3997
0.44,1.04,0.7444999999999998,0.39494999999999997
0.44,1.06,0.7442,0.3937
0.44,1.08,0.74295,0.3894000000000001
0.46,0.0,0.74685,0.4029
0.46,0.02,0.7479500000000001,0.40425000000000005
0.46,0.04,0.7479500000000001,0.4034
0.46,0.06,0.7425499999999998,0.39385
0.46,0.08,0.7404999999999999,0.38935
0.46,0.1,0.74615,0.40075000000000005
0.46,0.12,0.7459,0.4004
0.46,0.14,0.7458499999999999,0.4005500000000001
0.46,0.16,0.74485,0.402
0.46,0.18,0.7487999999999999,0.40245
0.46,0.2,0.7488500000000001,0.40475000000000005
0.46,0.22,0.7430000000000001,0.3918500000000001
0.46,0.24,0.7474000000000001,0.397
0.46,0.26,0.7443000000000001,0.39805
0.46,0.28,0.74325,0.3959
0.46,0.3,0.7478499999999999,0.40249999999999997
0.46,0.32,0.74355,0.40125
0.46,0.34,0.7453999999999998,0.4006
0.46,0.36,0.7459,0.39729999999999993
0.46,0.38,0.74495,0.39740000000000003
0.46,0.4,0.7424999999999999,0.3934
0.46,0.42,0.74715,0.39630000000000004
0.46,0.44,0.74325,0.39305
0.46,0.46,0.7438,0.39115
0.46,0.48,0.7486499999999999,0.40404999999999996
0.46,0.5,0.7462500000000001,0.3997
0.46,0.52,0.7423500000000001,0.39415
0.46,0.54,0.7476999999999999,0.4
0.46,0.56,0.74415,0.39599999999999996
0.46,0.58,0.7475,0.40195
0.46,0.6,0.7459499999999999,0.39925
0.46,0.62,0.74705,0.39815
0.46,0.64,0.7422,0.39485000000000003
0.46,0.66,0.7433,0.39170000000000005
0.46,0.68,0.7464999999999998,0.399
0.46,0.7000000000000001,0.74435,0.39335
0.46,0.72,0.7456,0.3958
0.46,0.74,0.7459,0.3950000000000001
0.46,0.76,0.7464500000000001,0.39504999999999996
0.46,0.78,0.7473,0.40045000000000003
0.46,0.8,0.7498000000000001,0.40035
0.46,0.8200000000000001,0.7462,0.39675
0.46,0.84,0.7458,0.39665000000000006
0.46,0.86,0.7431999999999999,0.3894000000000001
0.46,0.88,0.74845,0.39985
0.46,0.9,0.74885,0.40024999999999994
0.46,0.92,0.74705,0.39794999999999997
0.46,0.9400000000000001,0.7463,0.39525
0.46,0.96,0.7413000000000001,0.392
0.46,0.98,0.7461000000000001,0.39565
0.46,1.0,0.74635,0.39754999999999996
0.46,1.02,0.7445,0.3919
0.46,1.04,0.7436,0.39355
0.46,1.06,0.7436499999999999,0.3912000000000001
0.46,1.08,0.7438499999999999,0.3922
0.48,0.0,0.74715,0.40135000000000004
0.48,0.02,0.7464500000000001,0.4009499999999999
0.48,0.04,0.7425499999999999,0.3958
0.48,0.06,0.74435,0.39455000000000007
0.48,0.08,0.74795,0.40070000000000006
0.48,0.1,0.74695,0.39790000000000003
0.48,0.12,0.743,0.39315
0.48,0.14,0.74785,0.40175
0.48,0.16,0.7464500000000001,0.39665000000000006
0.48,0.18,0.748,0.39925
0.48,0.2,0.74565,0.39754999999999996
0.48,0.22,0.7442,0.3948
0.48,0.24,0.74495,0.39520000000000005
0.48,0.26,0.7458,0.398
0.48,0.28,0.7479,0.40435
0.48,0.3,0.74785,0.4027
0.48,0.32,0.7423,0.3927
0.48,0.34,0.7438,0.39469999999999994
0.48,0.36,0.7444999999999999,0.3966
0.48,0.38,0.7443,0.39525
0.48,0.4,0.74465,0.39695
0.48,0.42,0.74455,0.39305
0.48,0.44,0.7443,0.39725
0.48,0.46,0.74495,0.39704999999999996
0.48,0.48,0.7464,0.39705
0.48,0.5,0.7494999999999999,0.40305
0.48,0.52,0.74705,0.40214999999999995
0.48,0.54,0.7456,0.39749999999999996
0.48,0.56,0.74475,0.3976
0.48,0.58,0.74385,0.39544999999999997
0.48,0.6,0.7480499999999999,0.39925000000000005
0.48,0.62,0.7450000000000001,0.39449999999999996
0.48,0.64,0.7441,0.39394999999999997
0.48,0.66,0.7458500000000001,0.39695
0.48,0.68,0.73865,0.38270000000000004
0.48,0.7000000000000001,0.7465,0.39735
0.48,0.72,0.74685,0.39725
0.48,0.74,0.7456500000000001,0.39879999999999993
0.48,0.76,0.748,0.39785
0.48,0.78,0.74915,0.40275
0.48,0.8,0.7464999999999999,0.39835
0.48,0.8200000000000001,0.7447,0.39170000000000005
0.48,0.84,0.7453000000000001,0.39499999999999996
0.48,0.86,0.7447999999999999,0.38885
0.48,0.88,0.7455999999999999,0.3945
0.48,0.9,0.7448500000000001,0.39635000000000004
0.48,0.92,0.74335,0.39249999999999996
0.48,0.9400000000000001,0.7422999999999998,0.38955
0.48,0.96,0.74085,0.38660000000000005
0.48,0.98,0.7444999999999999,0.39505
0.48,1.0,0.7436999999999999,0.3941499999999999
0.48,1.02,0.7454,0.39224999999999993
0.48,1.04,0.746,0.39485000000000003
0.48,1.06,0.7463500000000001,0.39665000000000006
0.48,1.08,0.7461500000000001,0.3952
0.5,0.0,0.74455,0.3962
0.5,0.02,0.7466999999999999,0.39905
0.5,0.04,0.7441000000000001,0.3957
0.5,0.06,0.74705,0.3988
0.5,0.08,0.74475,0.39744999999999997
0.5,0.1,0.74455,0.392
0.5,0.12,0.7442500000000001,0.39189999999999997
0.5,0.14,0.7461499999999999,0.3968
0.5,0.16,0.7469,0.40199999999999997
0.5,0.18,0.7443,0.39520000000000005
0.5,0.2,0.74775,0.4005500000000001
0.5,0.22,0.7474500000000001,0.3999
0.5,0.24,0.7471500000000001,0.39805
0.5,0.26,0.7490000000000001,0.39875
0.5,0.28,0.74855,0.4029
0.5,0.3,0.7473499999999998,0.40275
0.5,0.32,0.7444999999999999,0.3967
0.5,0.34,0.74475,0.39465000000000006
0.5,0.36,0.7454999999999999,0.39620000000000005
0.5,0.38,0.7478499999999999,0.39990000000000003
0.5,0.4,0.74405,0.39205
0.5,0.42,0.7411999999999999,0.39305
0.5,0.44,0.7443,0.39295
0.5,0.46,0.75015,0.40390000000000004
0.5,0.48,0.74475,0.39105
0.5,0.5,0.7469,0.39745
0.5,0.52,0.7461999999999999,0.39725
0.5,0.54,0.7434999999999999,0.3899
0.5,0.56,0.7423499999999998,0.39135
0.5,0.58,0.7484999999999999,0.398
0.5,0.6,0.7498,0.40045000000000003
0.5,0.62,0.74565,0.3983
0.5,0.64,0.7484,0.40155
0.5,0.66,0.74255,0.3914500000000001
0.5,0.68,0.7444999999999999,0.39344999999999997
0.5,0.7000000000000001,0.7462500000000001,0.39635
0.5,0.72,0.7462000000000002,0.39454999999999996
0.5,0.74,0.7445999999999999,0.39395
0.5,0.76,0.74415,0.39089999999999997
0.5,0.78,0.7496999999999999,0.39940000000000003
0.5,0.8,0.7484999999999999,0.3985
0.5,0.8200000000000001,0.7481499999999999,0.39725
0.5,0.84,0.7481000000000001,0.3965
0.5,0.86,0.74615,0.39365
0.5,0.88,0.75085,0.40085
0.5,0.9,0.7455,0.39405
0.5,0.92,0.7435,0.39445
0.5,0.9400000000000001,0.74515,0.39095
0.5,0.96,0.74595,0.39459999999999995
0.5,0.98,0.7466,0.39565
0.5,1.0,0.74125,0.38745
0.5,1.02,0.7484500000000001,0.3962
0.5,1.04,0.74515,0.39405
0.5,1.06,0.7470999999999999,0.3957
0.5,1.08,0.74385,0.3905
0.52,0.0,0.7457499999999999,0.39675000000000005
0.52,0.02,0.7458,0.39794999999999997
0.52,0.04,0.74795,0.4003
0.52,0.06,0.7482,0.40245
0.52,0.08,0.7438,0.3927999999999999
0.52,0.1,0.7449000000000001,0.39735
0.52,0.12,0.7434999999999999,0.39390000000000003
0.52,0.14,0.74215,0.38894999999999996
0.52,0.16,0.7473500000000001,0.39614999999999995
0.52,0.18,0.7478,0.3980000000000001
0.52,0.2,0.7515000000000001,0.4042
0.52,0.22,0.7426,0.39349999999999996
0.52,0.24,0.7490499999999999,0.4016
0.52,0.26,0.7467499999999999,0.3976
0.52,0.28,0.74515,0.3935
0.52,0.3,0.7456500000000001,0.39414999999999994
0.52,0.32,0.74445,0.3924500000000001
0.52,0.34,0.7450499999999999,0.39475000000000005
0.52,0.36,0.7475500000000002,0.3976
0.52,0.38,0.74945,0.39964999999999995
0.52,0.4,0.7436,0.39060000000000006
0.52,0.42,0.7468,0.3949
0.52,0.44,0.74615,0.3965
0.52,0.46,0.7471,0.39615
0.52,0.48,0.7444,0.39350000000000007
0.52,0.5,0.7462,0.39545
0.52,0.52,0.7443,0.39405
0.52,0.54,0.7443500000000001,0.39265
0.52,0.56,0.7486,0.4
0.52,0.58,0.7444999999999999,0.39380000000000004
0.52,0.6,0.7425,0.388
0.52,0.62,0.7499499999999999,0.4022499999999999
0.52,0.64,0.7463500000000001,0.39545
0.52,0.66,0.7431000000000001,0.39235000000000003
0.52,0.68,0.7436,0.38835000000000003
0.52,0.7000000000000001,0.74815,0.39905
0.52,0.72,0.7416500000000001,0.38964999999999994
0.52,0.74,0.7474999999999999,0.39719999999999994
0.52,0.76,0.7456,0.39370000000000005
0.52,0.78,0.7451,0.38935
0.52,0.8,0.74455,0.39215000000000005
0.52,0.8200000000000001,0.7443500000000001,0.39015
0.52,0.84,0.7470000000000001,0.39535
0.52,0.86,0.7446999999999999,0.3916
0.52,0.88,0.74465,0.39444999999999997
0.52,0.9,0.7444000000000001,0.3942
0.52,0.92,0.74655,0.39565
0.52,0.9400000000000001,0.744,0.39205
0.52,0.96,0.7428500000000001,0.38849999999999996
0.52,0.98,0.7474,0.39975
0.52,1.0,0.7485,0.3996
0.52,1.02,0.74785,0.3965
0.52,1.04,0.7395499999999998,0.38605
0.52,1.06,0.7417500000000001,0.38495
0.52,1.08,0.7446999999999999,0.3917
0.54,0.0,0.7475,0.39855
0.54,0.02,0.7467,0.39475000000000005
0.54,0.04,0.7464499999999998,0.3957
0.54,0.06,0.7471,0.39895
0.54,0.08,0.7438,0.3921
0.54,0.1,0.7482500000000001,0.39845
0.54,0.12,0.7476,0.39695
0.54,0.14,0.7476999999999999,0.40015
0.54,0.16,0.7434499999999999,0.38965000000000005
0.54,0.18,0.7484000000000001,0.39869999999999994
0.54,0.2,0.7484499999999998,0.39785
0.54,0.22,0.7436499999999999,0.3914000000000001
0.54,0.24,0.7492500000000001,0.39895
0.54,0.26,0.7448,0.39335
0.54,0.28,0.74825,0.40120000000000006
0.54,0.3,0.7422500000000001,0.38945
0.54,0.32,0.7508,0.4034999999999999
0.54,0.34,0.7447500000000001,0.39215000000000005
0.54,0.36,0.7461499999999999,0.39315
0.54,0.38,0.74505,0.39215
0.54,0.4,0.7439500000000001,0.39435000000000003
0.54,0.42,0.74465,0.39655
0.54,0.44,0.7448999999999999,0.3912
0.54,0.46,0.7485,0.40035
0.54,0.48,0.7421,0.39205000000000007
0.54,0.5,0.7454500000000001,0.39435
0.54,0.52,0.74285,0.38849999999999996
0.54,0.54,0.7426999999999999,0.38810000000000006
0.54,0.56,0.7444,0.3931
0.54,0.58,0.74455,0.39435
0.54,0.6,0.74515,0.3936
0.54,0.62,0.74515,0.39295
0.54,0.64,0.74455,0.38905
0.54,0.66,0.7443,0.38849999999999996
0.54,0.68,0.7478499999999999,0.39574999999999994
0.54,0.7000000000000001,0.7499,0.40115
0.54,0.72,0.7437,0.39070000000000005
0.54,0.74,0.7462,0.39660000000000006
0.54,0.76,0.74695,0.39935
0.54,0.78,0.7474500000000001,0.3968499999999999
0.54,0.8,0.7477000000000001,0.39760000000000006
0.54,0.8200000000000001,0.7461999999999999,0.3956
0.54,0.84,0.7441,0.39330000000000004
0.54,0.86,0.7430999999999999,0.38935000000000003
0.54,0.88,0.7435499999999999,0.38915000000000005
0.54,0.9,0.7460000000000001,0.39015
0.54,0.92,0.74225,0.3894
0.54,0.9400000000000001,0.73905,0.3803
0.54,0.96,0.74435,0.39
0.54,0.98,0.74435,0.38895
0.54,1.0,0.74885,0.3975
0.54,1.02,0.7462000000000001,0.39365000000000006
0.54,1.04,0.7486000000000002,0.39980000000000004
0.54,1.06,0.7491000000000001,0.39765
0.54,1.08,0.74695,0.39015000000000005
0.56,0.0,0.74295,0.39004999999999995
0.56,0.02,0.7463,0.39855
0.56,0.04,0.7470999999999999,0.396
0.56,0.06,0.7415999999999999,0.38705
0.56,0.08,0.7468000000000001,0.39855000000000007
0.56,0.1,0.7477500000000001,0.40115
0.56,0.12,0.7472000000000001,0.3963
0.56,0.14,0.7442000000000001,0.38835000000000003
0.56,0.16,0.74635,0.39135
0.56,0.18,0.7464000000000001,0.39475000000000005
0.56,0.2,0.7442,0.3922
0.56,0.22,0.74665,0.39445
0.56,0.24,0.7483,0.4001
0.56,0.26,0.7451500000000001,0.39635
0.56,0.28,0.74845,0.39465000000000006
0.56,0.3,0.7461,0.39640000000000003
0.56,0.32,0.7442,0.39075
0.56,0.34,0.7450499999999999,0.39390000000000003
0.56,0.36,0.7452,0.39375
0.56,0.38,0.7435499999999999,0.39165
0.56,0.4,0.7479000000000001,0.39754999999999996
0.56,0.42,0.7452000000000001,0.3934000000000001
0.56,0.44,0.7464500000000001,0.3933
0.56,0.46,0.74485,0.38944999999999996
0.56,0.48,0.7500500000000001,0.3990999999999999
0.56,0.5,0.7430999999999999,0.39075
0.56,0.52,0.747,0.39665
0.56,0.54,0.7457,0.3968
0.56,0.56,0.74505,0.3902
0.56,0.58,0.7481,0.39635
0.56,0.6,0.7411000000000001,0.38919999999999993
0.56,0.62,0.7434499999999999,0.39185000000000003
0.56,0.64,0.7493500000000001,0.39890000000000003
0.56,0.66,0.74465,0.39155000000000006
0.56,0.68,0.74635,0.3941
0.56,0.7000000000000001,0.7467500000000001,0.39425
0.56,0.72,0.74125,0.38615000000000005
0.56,0.74,0.7471499999999999,0.39395
0.56,0.76,0.7448,0.39105
0.56,0.78,0.7458,0.39335000000000003
0.56,0.8,0.7461999999999999,0.394
0.56,0.8200000000000001,0.7465999999999999,0.39255
0.56,0.84,0.74775,0.3944500000000001
0.56,0.86,0.7473500000000002,0.397
0.56,0.88,0.7476499999999999,0.40124999999999994
0.56,0.9,0.7444500000000001,0.3891
0.56,0.92,0.7474000000000001,0.39440000000000003
0.56,0.9400000000000001,0.7425999999999999,0.3862
0.56,0.96,0.74615,0.39415000000000006
0.56,0.98,0.7439500000000001,0.3887
0.56,1.0,0.7454500000000001,0.39580000000000004
0.56,1.02,0.74485,0.39295
0.56,1.04,0.74805,0.39785
0.56,1.06,0.7471,0.3959000000000001
0.56,1.08,0.744,0.3901
0.58,0.0,0.7497999999999999,0.40015
0.58,0.02,0.7435500000000002,0.3877
0.58,0.04,0.74395,0.39444999999999997
0.58,0.06,0.7439,0.39235000000000003
0.58,0.08,0.74775,0.39879999999999993
0.58,0.1,0.7466000000000002,0.3958
0.58,0.12,0.74735,0.39745
0.58,0.14,0.7423500000000001,0.38465000000000005
0.58,0.16,0.7469500000000001,0.39685
0.58,0.18,0.7458500000000001,0.39150000000000007
0.58,0.2,0.7455999999999999,0.3941
0.58,0.22,0.7421000000000001,0.3899
0.58,0.24,0.7483500000000001,0.40035
0.58,0.26,0.7447499999999999,0.39145
0.58,0.28,0.7466999999999999,0.39645
0.58,0.3,0.7432500000000001,0.38815
0.58,0.32,0.7441000000000001,0.38845
0.58,0.34,0.7496499999999999,0.3992
0.58,0.36,0.7477,0.39385000000000003
0.58,0.38,0.7414499999999999,0.38905
0.58,0.4,0.7454000000000001,0.39125000000000004
0.58,0.42,0.7457500000000001,0.3924
0.58,0.44,0.74905,0.39869999999999994
0.58,0.46,0.7448999999999999,0.39415
0.58,0.48,0.7485999999999999,0.39849999999999997
0.58,0.5,0.7478499999999999,0.39624999999999994
0.58,0.52,0.7469499999999999,0.39410000000000006
0.58,0.54,0.7534000000000001,0.4044
0.58,0.56,0.751,0.40095000000000003
0.58,0.58,0.75,0.39665000000000006
0.58,0.6,0.7453000000000001,0.39339999999999997
0.58,0.62,0.7486,0.39895
0.58,0.64,0.7443500000000001,0.39139999999999997
0.58,0.66,0.7483000000000001,0.3948
0.58,0.68,0.7465499999999999,0.39204999999999995
0.58,0.7000000000000001,0.7471,0.39685
0.58,0.72,0.74395,0.39075000000000004
0.58,0.74,0.7501,0.39730000000000004
0.58,0.76,0.7451999999999999,0.39390000000000003
0.58,0.78,0.7418,0.3892
0.58,0.8,0.7494500000000001,0.39985
0.58,0.8200000000000001,0.7467499999999999,0.39375
0.58,0.84,0.7446999999999999,0.39270000000000005
0.58,0.86,0.7459999999999999,0.3943
0.58,0.88,0.7478,0.39695
0.58,0.9,0.7433000000000001,0.39005
0.58,0.92,0.744,0.38669999999999993
0.58,0.9400000000000001,0.74885,0.39815000000000006
0.58,0.96,0.7463,0.39445
0.58,0.98,0.7474500000000001,0.39665
0.58,1.0,0.7461,0.38985000000000003
0.58,1.02,0.74945,0.39910000000000007
0.58,1.04,0.7477,0.3962
0.58,1.06,0.7473000000000001,0.3963
0.58,1.08,0.7442,0.3896
0.6,0.0,0.7427,0.38675
0.6,0.02,0.7457999999999999,0.39435000000000003
0.6,0.04,0.7437,0.38875000000000004
0.6,0.06,0.7461000000000001,0.39749999999999996
0.6,0.08,0.74555,0.39270000000000005
0.6,0.1,0.74705,0.39585000000000004
0.6,0.12,0.7457,0.39745
0.6,0.14,0.74435,0.3884
0.6,0.16,0.7470499999999999,0.3966
0.6,0.18,0.7478999999999998,0.39954999999999996
0.6,0.2,0.7465,0.39525
0.6,0.22,0.7445999999999999,0.38980000000000004
0.6,0.24,0.7458,0.393
0.6,0.26,0.74885,0.39775
0.6,0.28,0.74905,0.39935
0.6,0.3,0.7463,0.39585000000000004
0.6,0.32,0.7499,0.39814999999999995
0.6,0.34,0.7464999999999999,0.39509999999999995
0.6,0.36,0.7465499999999999,0.39335
0.6,0.38,0.74665,0.3941
0.6,0.4,0.7451,0.39215000000000005
0.6,0.42,0.74545,0.3901
0.6,0.44,0.7447,0.39465000000000006
0.6,0.46,0.74585,0.3947
0.6,0.48,0.7474999999999999,0.39315
0.6,0.5,0.7490500000000001,0.39885
0.6,0.52,0.748,0.3962
0.6,0.54,0.74725,0.3944
0.6,0.56,0.74485,0.38825
0.6,0.58,0.74755,0.39345
0.6,0.6,0.7457,0.39390000000000003
0.6,0.62,0.74715,0.39285000000000003
0.6,0.64,0.7443500000000001,0.38895
0.6,0.66,0.74915,0.3959500000000001
0.6,0.68,0.74395,0.38655000000000006
0.6,0.7000000000000001,0.7487999999999999,0.39914999999999995
0.6,0.72,0.7422500000000001,0.3872
0.6,0.74,0.7484999999999999,0.3992
0.6,0.76,0.7450000000000001,0.39185000000000003
0.6,0.78,0.7467500000000001,0.39405
0.6,0.8,0.74735,0.39480000000000004
0.6,0.8200000000000001,0.7485999999999999,0.39354999999999996
0.6,0.84,0.7443,0.38965
0.6,0.86,0.7473500000000001,0.3969
0.6,0.88,0.74935,0.39485000000000003
0.6,0.9,0.7469000000000001,0.39225000000000004
0.6,0.92,0.7462500000000001,0.3955000000000001
0.6,0.9400000000000001,0.74615,0.39465000000000006
0.6,0.96,0.74545,0.38835
0.6,0.98,0.74535,0.3934
0.6,1.0,0.7447499999999999,0.38685
0.6,1.02,0.7460499999999999,0.3869000000000001
0.6,1.04,0.7440999999999999,0.3887
0.6,1.06,0.7433,0.38745
0.6,1.08,0.7493000000000001,0.39865
0.62,0.0,0.7459,0.39249999999999996
0.62,0.02,0.7485,0.39754999999999996
0.62,0.04,0.751,0.40365
0.62,0.06,0.75045,0.3998
0.62,0.08,0.74505,0.3919
0.62,0.1,0.7463,0.39035
0.62,0.12,0.74425,0.3909000000000001
0.62,0.14,0.7452500000000001,0.39
0.62,0.16,0.74515,0.3921
0.62,0.18,0.7476499999999999,0.39459999999999995
0.62,0.2,0.7446999999999999,0.3944
0.62,0.22,0.7487000000000001,0.39865
0.62,0.24,0.7452500000000001,0.39390000000000003
0.62,0.26,0.74165,0.38584999999999997
0.62,0.28,0.7439499999999999,0.3898
0.62,0.3,0.7481,0.39954999999999996
0.62,0.32,0.74495,0.39105
0.62,0.34,0.7471500000000001,0.39385000000000003
0.62,0.36,0.7462000000000001,0.3938
0.62,0.38,0.7448,0.3921
0.62,0.4,0.748,0.39705
0.62,0.42,0.7463,0.3902
0.62,0.44,0.74615,0.39105
0.62,0.46,0.7467,0.39745
0.62,0.48,0.75135,0.39695
0.62,0.5,0.74575,0.391
0.62,0.52,0.7450500000000001,0.3894
0.62,0.54,0.74665,0.39259999999999995
0.62,0.56,0.7484000000000001,0.3953
0.62,0.58,0.7417,0.38504999999999995
0.62,0.6,0.7449,0.39120000000000005
0.62,0.62,0.7435999999999998,0.39265000000000005
0.62,0.64,0.74865,0.39359999999999995
0.62,0.66,0.7464,0.396
0.62,0.68,0.7483,0.39785000000000004
0.62,0.7000000000000001,0.74555,0.3922
0.62,0.72,0.7451,0.39025
0.62,0.74,0.7460500000000001,0.39265
0.62,0.76,0.7450999999999999,0.3952
0.62,0.78,0.7484,0.39625
0.62,0.8,0.7437499999999998,0.39205
0.62,0.8200000000000001,0.74925,0.39754999999999996
0.62,0.84,0.74905,0.3941
0.62,0.86,0.7461999999999999,0.3907
0.62,0.88,0.7458499999999999,0.3941
0.62,0.9,0.7459,0.39005
0.62,0.92,0.7428000000000001,0.38825
0.62,0.9400000000000001,0.74475,0.38974999999999993
0.62,0.96,0.74585,0.39305000000000007
0.62,0.98,0.74845,0.39685
0.62,1.0,0.74945,0.39435000000000003
0.62,1.02,0.74895,0.39655
0.62,1.04,0.74605,0.3967
0.62,1.06,0.74535,0.3875
0.62,1.08,0.7438,0.39015000000000005
0.64,0.0,0.7472,0.39259999999999995
0.64,0.02,0.7452500000000001,0.39285000000000003
0.64,0.04,0.7453000000000001,0.39199999999999996
0.64,0.06,0.7476499999999999,0.39649999999999996
0.64,0.08,0.7465000000000002,0.3907
0.64,0.1,0.7485,0.39830000000000004
0.64,0.12,0.7466999999999999,0.39364999999999994
0.64,0.14,0.74865,0.39459999999999995
0.64,0.16,0.7423500000000001,0.3909000000000001
0.64,0.18,0.7441,0.3913
0.64,0.2,0.7486,0.40145
0.64,0.22,0.7464,0.39590000000000003
0.64,0.24,0.7430000000000001,0.38839999999999997
0.64,0.26,0.7444,0.39515
0.64,0.28,0.74925,0.39635
0.64,0.3,0.74695,0.393
0.64,0.32,0.7498,0.39645
0.64,0.34,0.7464000000000001,0.39465
0.64,0.36,0.7464999999999999,0.39075
0.64,0.38,0.7474999999999999,0.3955
0.64,0.4,0.7500000000000001,0.39880000000000004
0.64,0.42,0.7434499999999999,0.38775
0.64,0.44,0.7455,0.39425
0.64,0.46,0.7436,0.38715
0.64,0.48,0.7463,0.3952
0.64,0.5,0.74485,0.39075
0.64,0.52,0.7464,0.3883500000000001
0.64,0.54,0.7453,0.39635
0.64,0.56,0.7477499999999999,0.39075
0.64,0.58,0.7473500000000001,0.39655
0.64,0.6,0.7482500000000001,0.3943
0.64,0.62,0.7451500000000001,0.38905
0.64,0.64,0.74805,0.3945
0.64,0.66,0.7474000000000001,0.39544999999999997
0.64,0.68,0.7433,0.38715
0.64,0.7000000000000001,0.74785,0.39579999999999993
0.64,0.72,0.7433,0.38645
0.64,0.74,0.74915,0.39649999999999996
0.64,0.76,0.748,0.39380000000000004
0.64,0.78,0.7434499999999999,0.38844999999999996
0.64,0.8,0.7466000000000002,0.39285
0.64,0.8200000000000001,0.74455,0.39175000000000004
0.64,0.84,0.7439500000000001,0.38750000000000007
0.64,0.86,0.7509499999999999,0.39944999999999997
0.64,0.88,0.74575,0.3917
0.64,0.9,0.74385,0.38715000000000005
0.64,0.92,0.7433500000000001,0.3882
0.64,0.9400000000000001,0.74585,0.3921
0.64,0.96,0.74365,0.38754999999999995
0.64,0.98,0.7458000000000001,0.394
0.64,1.0,0.7480500000000001,0.39385
0.64,1.02,0.7457499999999999,0.39135
0.64,1.04,0.7504000000000002,0.3955
0.64,1.06,0.74735,0.39430000000000004
0.64,1.08,0.7445,0.39115000000000005
0.66,0.0,0.7481500000000001,0.39315
0.66,0.02,0.7480999999999999,0.3963
0.66,0.04,0.7460500000000001,0.391
0.66,0.06,0.7488,0.3963500000000001
0.66,0.08,0.7477500000000001,0.39565
0.66,0.1,0.7497,0.39715
0.66,0.12,0.74595,0.39125
0.66,0.14,0.7480499999999999,0.39930000000000004
0.66,0.16,0.73975,0.37950000000000006
0.66,0.18,0.7493,0.39505
0.66,0.2,0.7449999999999999,0.39165
0.66,0.22,0.7460500000000001,0.39305
0.66,0.24,0.74775,0.39854999999999996
0.66,0.26,0.7454500000000001,0.39505
0.66,0.28,0.7422500000000001,0.38685
0.66,0.3,0.74745,0.39730000000000004
0.66,0.32,0.7459,0.39425000000000004
0.66,0.34,0.7457499999999999,0.3933
0.66,0.36,0.74665,0.39294999999999997
0.66,0.38,0.74825,0.39549999999999996
0.66,0.4,0.747,0.39505
0.66,0.42,0.74705,0.39074999999999993
0.66,0.44,0.7462500000000001,0.39085000000000003
0.66,0.46,0.7501500000000001,0.3968999999999999
0.66,0.48,0.7482,0.3956
0.66,0.5,0.7472999999999999,0.3958
0.66,0.52,0.7455499999999999,0.39344999999999997
0.66,0.54,0.7430999999999999,0.3851000000000001
0.66,0.56,0.7420000000000002,0.38755000000000006
0.66,0.58,0.74465,0.39165
0.66,0.6,0.74285,0.38899999999999996
0.66,0.62,0.7496,0.3974
0.66,0.64,0.74225,0.38610000000000005
0.66,0.66,0.7435499999999999,0.38775000000000004
0.66,0.68,0.74695,0.3942
0.66,0.7000000000000001,0.7404499999999998,0.3859
0.66,0.72,0.74475,0.3895
0.66,0.74,0.743,0.38585
0.66,0.76,0.7458,0.38760000000000006
0.66,0.78,0.7471500000000001,0.39089999999999997
0.66,0.8,0.7473,0.39560000000000006
0.66,0.8200000000000001,0.7455,0.39105
0.66,0.84,0.7456999999999999,0.39054999999999995
0.66,0.86,0.74495,0.3867999999999999
0.66,0.88,0.7476999999999999,0.394
0.66,0.9,0.747,0.39289999999999997
0.66,0.92,0.74365,0.38925
0.66,0.9400000000000001,0.7438,0.38775000000000004
0.66,0.96,0.7460000000000001,0.39080000000000004
0.66,0.98,0.7458,0.39214999999999994
0.66,1.0,0.74715,0.3954
0.66,1.02,0.74605,0.39255
0.66,1.04,0.7423,0.38439999999999996
0.66,1.06,0.7484999999999999,0.3948000000000001
0.66,1.08,0.7469999999999999,0.392
0.68,0.0,0.74745,0.39275000000000004
0.68,0.02,0.7505,0.3961
0.68,0.04,0.7457,0.38939999999999997
0.68,0.06,0.7495,0.39565
0.68,0.08,0.7471499999999999,0.3901
0.68,0.1,0.74235,0.385
0.68,0.12,0.7451500000000001,0.38950000000000007
0.68,0.14,0.74485,0.3894
0.68,0.16,0.7421499999999999,0.38865000000000005
0.68,0.18,0.7470999999999999,0.39604999999999996
0.68,0.2,0.7459,0.39
0.68,0.22,0.7442,0.39165
0.68,0.24,0.74565,0.3912
0.68,0.26,0.74805,0.3947
0.68,0.28,0.7442,0.38865
0.68,0.3,0.7433000000000001,0.3814
0.68,0.32,0.74575,0.39035000000000003
0.68,0.34,0.7484,0.39455
0.68,0.36,0.74445,0.38755000000000006
0.68,0.38,0.7464999999999999,0.3914500000000001
0.68,0.4,0.7495,0.3993
0.68,0.42,0.7477500000000001,0.39690000000000003
0.68,0.44,0.7478,0.39705
0.68,0.46,0.74395,0.39269999999999994
0.68,0.48,0.7444,0.392
0.68,0.5,0.74755,0.3951
0.68,0.52,0.7489000000000001,0.39655
0.68,0.54,0.7503,0.39760000000000006
0.68,0.56,0.7458000000000001,0.39354999999999996
0.68,0.58,0.74605,0.39375
0.68,0.6,0.74805,0.39544999999999997
0.68,0.62,0.7499499999999999,0.39544999999999997
0.68,0.64,0.7483,0.39695
0.68,0.66,0.7452000000000001,0.39135
0.68,0.68,0.7445499999999999,0.38944999999999996
0.68,0.7000000000000001,0.7474999999999998,0.396
0.68,0.72,0.7475499999999999,0.39415
0.68,0.74,0.74285,0.38220000000000004
0.68,0.76,0.74685,0.3925
0.68,0.78,0.7470999999999999,0.39390000000000003
0.68,0.8,0.74715,0.39085
0.68,0.8200000000000001,0.7461500000000001,0.39345
0.68,0.84,0.744,0.39030000000000004
0.68,0.86,0.74485,0.38830000000000003
0.68,0.88,0.74355,0.3861
0.68,0.9,0.7485000000000002,0.3943
0.68,0.92,0.7471500000000001,0.39305000000000007
0.68,0.9400000000000001,0.7438999999999999,0.3844
0.68,0.96,0.7437,0.39045
0.68,0.98,0.7482999999999999,0.3957
0.68,1.0,0.74655,0.3919
0.68,1.02,0.7441500000000001,0.3912
0.68,1.04,0.74725,0.39295
0.68,1.06,0.7484500000000001,0.39555000000000007
0.68,1.08,0.7454,0.39455
0.7000000000000001,0.0,0.74875,0.3962
0.7000000000000001,0.02,0.7447,0.39255
0.7000000000000001,0.04,0.7492,0.39595
0.7000000000000001,0.06,0.7479000000000001,0.39709999999999995
0.7000000000000001,0.08,0.7455499999999999,0.3928
0.7000000000000001,0.1,0.7444,0.39095
0.7000000000000001,0.12,0.74555,0.38995
0.7000000000000001,0.14,0.7448,0.39165
0.7000000000000001,0.16,0.7466,0.39285000000000003
0.7000000000000001,0.18,0.7446,0.38975
0.7000000000000001,0.2,0.7471,0.39430000000000004
0.7000000000000001,0.22,0.7469499999999999,0.39475000000000005
0.7000000000000001,0.24,0.7470999999999999,0.39405
0.7000000000000001,0.26,0.74505,0.38965
0.7000000000000001,0.28,0.7486,0.39545
0.7000000000000001,0.3,0.7459,0.39325
0.7000000000000001,0.32,0.747,0.39565
0.7000000000000001,0.34,0.74745,0.39590000000000003
0.7000000000000001,0.36,0.7383999999999998,0.38029999999999997
0.7000000000000001,0.38,0.7460000000000001,0.39495
0.7000000000000001,0.4,0.7505499999999999,0.39905
0.7000000000000001,0.42,0.7484499999999998,0.39715
0.7000000000000001,0.44,0.7440499999999999,0.39125000000000004
0.7000000000000001,0.46,0.7476,0.3926
0.7000000000000001,0.48,0.747,0.39440000000000003
0.7000000000000001,0.5,0.7494999999999999,0.3961
0.7000000000000001,0.52,0.7475500000000002,0.39655000000000007
0.7000000000000001,0.54,0.74625,0.39445
0.7000000000000001,0.56,0.7466999999999999,0.38944999999999996
0.7000000000000001,0.58,0.7463,0.38944999999999996
0.7000000000000001,0.6,0.7448000000000001,0.3904500000000001
0.7000000000000001,0.62,0.7493000000000001,0.39865000000000006
0.7000000000000001,0.64,0.7474500000000001,0.3957
0.7000000000000001,0.66,0.7459,0.3889
0.7000000000000001,0.68,0.74665,0.39585
0.7000000000000001,0.7000000000000001,0.7423,0.38310000000000005
0.7000000000000001,0.72,0.7486999999999999,0.39430000000000004
0.7000000000000001,0.74,0.7452,0.39125
0.7000000000000001,0.76,0.7457,0.39
0.7000000000000001,0.78,0.7443000000000001,0.39005
0.7000000000000001,0.8,0.7461499999999999,0.3931
0.7000000000000001,0.8200000000000001,0.7482,0.3915
0.7000000000000001,0.84,0.7457,0.39325
0.7000000000000001,0.86,0.7455499999999999,0.39025
0.7000000000000001,0.88,0.7456499999999999,0.3944
0.7000000000000001,0.9,0.7482000000000001,0.3992
0.7000000000000001,0.92,0.74645,0.3925
0.7000000000000001,0.9400000000000001,0.7430999999999999,0.38655000000000006
0.7000000000000001,0.96,0.7461,0.39605
0.7000000000000001,0.98,0.7442,0.39089999999999997
0.7000000000000001,1.0,0.74255,0.38725
0.7000000000000001,1.02,0.7487499999999999,0.39430000000000004
0.7000000000000001,1.04,0.74725,0.39155
0.7000000000000001,1.06,0.7458500000000001,0.38770000000000004
0.7000000000000001,1.08,0.74515,0.39244999999999997
0.72,0.0,0.7482499999999999,0.39555
0.72,0.02,0.7474000000000001,0.3941
0.72,0.04,0.7460000000000001,0.38970000000000005
0.72,0.06,0.7458500000000001,0.39205
0.72,0.08,0.7476999999999999,0.3948
0.72,0.1,0.7456999999999999,0.39110000000000006
0.72,0.12,0.7474999999999999,0.39529999999999993
0.72,0.14,0.7486,0.3921
0.72,0.16,0.7431,0.3899
0.72,0.18,0.7467499999999999,0.38849999999999996
0.72,0.2,0.7480999999999999,0.39895
0.72,0.22,0.7494,0.39749999999999996
0.72,0.24,0.7474999999999999,0.39144999999999996
0.72,0.26,0.7482,0.3893
0.72,0.28,0.7467,0.396
0.72,0.3,0.7451,0.3895
0.72,0.32,0.7479500000000001,0.39460000000000006
0.72,0.34,0.74625,0.39180000000000004
0.72,0.36,0.7482999999999999,0.39475000000000005
0.72,0.38,0.7454999999999999,0.39265
0.72,0.4,0.7458999999999999,0.38935000000000003
0.72,0.42,0.7463499999999998,0.39105
0.72,0.44,0.7443500000000002,0.38955
0.72,0.46,0.7488499999999999,0.3982
0.72,0.48,0.7454000000000001,0.3883
0.72,0.5,0.74485,0.38764999999999994
0.72,0.52,0.7452,0.39075
0.72,0.54,0.7471499999999999,0.3966
0.72,0.56,0.74775,0.39495
0.72,0.58,0.74705,0.3936
0.72,0.6,0.75,0.3982
0.72,0.62,0.74915,0.39725
0.72,0.64,0.7459,0.39245
0.72,0.66,0.7474500000000001,0.3961
0.72,0.68,0.7470999999999999,0.39415000000000006
0.72,0.7000000000000001,0.7429500000000001,0.38845
0.72,0.72,0.7481000000000001,0.39715
0.72,0.74,0.7454000000000001,0.38794999999999996
0.72,0.76,0.74875,0.3922
0.72,0.78,0.7467499999999999,0.39035000000000003
0.72,0.8,0.74725,0.3955
0.72,0.8200000000000001,0.7473000000000001,0.39015
0.72,0.84,0.7463,0.38980000000000004
0.72,0.86,0.74955,0.3989
0.72,0.88,0.7433,0.38469999999999993
0.72,0.9,0.7438499999999999,0.38839999999999997
0.72,0.92,0.74395,0.38889999999999997
0.72,0.9400000000000001,0.74445,0.3878
0.72,0.96,0.7486999999999999,0.3985
0.72,0.98,0.7481,0.39350000000000007
0.72,1.0,0.7464000000000001,0.39235
0.72,1.02,0.7474000000000001,0.39094999999999996
0.72,1.04,0.746,0.39205
0.72,1.06,0.7486999999999999,0.39495
0.72,1.08,0.7485000000000002,0.39430000000000004
0.74,0.0,0.7478,0.39325000000000004
0.74,0.02,0.7461499999999999,0.3917999999999999
0.74,0.04,0.7474000000000001,0.39425
0.74,0.06,0.7456,0.39
0.74,0.08,0.7469500000000001,0.39065000000000005
0.74,0.1,0.7439,0.38415
0.74,0.12,0.74915,0.39774999999999994
0.74,0.14,0.74475,0.3883
0.74,0.16,0.74895,0.3985
0.74,0.18,0.7477499999999999,0.39369999999999994
0.74,0.2,0.7475499999999998,0.39549999999999996
0.74,0.22,0.74895,0.39499999999999996
0.74,0.24,0.7446999999999999,0.38814999999999994
0.74,0.26,0.7494999999999999,0.39865
0.74,0.28,0.7464000000000001,0.39875000000000005
0.74,0.3,0.7472,0.39670000000000005
0.74,0.32,0.7461,0.392
0.74,0.34,0.7461,0.39145
0.74,0.36,0.7449999999999999,0.38915
0.74,0.38,0.74615,0.38905
0.74,0.4,0.74895,0.39675000000000005
0.74,0.42,0.7460500000000001,0.38965
0.74,0.44,0.74995,0.39394999999999997
0.74,0.46,0.74605,0.39115
0.74,0.48,0.7458499999999999,0.38960000000000006
0.74,0.5,0.74675,0.39549999999999996
0.74,0.52,0.7481000000000001,0.39304999999999995
0.74,0.54,0.7492,0.39644999999999997
0.74,0.56,0.7451,0.3894
0.74,0.58,0.74775,0.3974
0.74,0.6,0.7455499999999999,0.39205
0.74,0.62,0.7458,0.3926
0.74,0.64,0.7457999999999998,0.39080000000000004
0.74,0.66,0.7436999999999999,0.38630000000000003
0.74,0.68,0.7492500000000001,0.3955
0.74,0.7000000000000001,0.7457,0.39005000000000006
0.74,0.72,0.7455,0.38925
0.74,0.74,0.7455500000000002,0.38849999999999996
0.74,0.76,0.7464500000000001,0.392
0.74,0.78,0.7479499999999999,0.39275000000000004
0.74,0.8,0.7486,0.3941
0.74,0.8200000000000001,0.7444,0.386
0.74,0.84,0.7423,0.3834
0.74,0.86,0.7466999999999999,0.38885000000000003
0.74,0.88,0.7485,0.3937
0.74,0.9,0.74415,0.38849999999999996
0.74,0.92,0.7462,0.39295
0.74,0.9400000000000001,0.74745,0.38865
0.74,0.96,0.7475499999999999,0.39385
0.74,0.98,0.7463499999999998,0.39004999999999995
0.74,1.0,0.7455,0.39139999999999997
0.74,1.02,0.74445,0.38964999999999994
0.74,1.04,0.7499499999999999,0.3961
0.74,1.06,0.7444500000000001,0.3878
0.74,1.08,0.74885,0.39205000000000007
0.76,0.0,0.7523500000000001,0.40265000000000006
0.76,0.02,0.74695,0.38975
0.76,0.04,0.7486999999999999,0.39375000000000004
0.76,0.06,0.747,0.39394999999999997
0.76,0.08,0.7462000000000001,0.39014999999999994
0.76,0.1,0.7456499999999998,0.39220000000000005
0.76,0.12,0.74665,0.39355
0.76,0.14,0.7469,0.3914999999999999
0.76,0.16,0.7454500000000001,0.38954999999999995
0.76,0.18,0.7455,0.3889
0.76,0.2,0.7436499999999999,0.38725
0.76,0.22,0.7501499999999999,0.4005500000000001
0.76,0.24,0.7478,0.3896
0.76,0.26,0.7485499999999999,0.39394999999999997
0.76,0.28,0.74575,0.39005000000000006
0.76,0.3,0.7461999999999999,0.38935000000000003
0.76,0.32,0.7454500000000001,0.3897
0.76,0.34,0.7473,0.39415
0.76,0.36,0.74395,0.38725
0.76,0.38,0.74685,0.39535
0.76,0.4,0.7475,0.3939500000000001
0.76,0.42,0.7455,0.39235
0.76,0.44,0.7501,0.3944
0.76,0.46,0.7464500000000001,0.39144999999999996
0.76,0.48,0.7436,0.38575000000000004
0.76,0.5,0.7464999999999999,0.3909
0.76,0.52,0.74715,0.39335
0.76,0.54,0.74725,0.39095
0.76,0.56,0.7440499999999999,0.38785
0.76,0.58,0.7497,0.39205
0.76,0.6,0.7478499999999999,0.3961
0.76,0.62,0.7495999999999999,0.39490000000000003
0.76,0.64,0.74275,0.38780000000000003
0.76,0.66,0.74585,0.38965
0.76,0.68,0.7494,0.3970000000000001
0.76,0.7000000000000001,0.7457499999999999,0.388
0.76,0.72,0.74525,0.392
0.76,0.74,0.7485,0.39375000000000004
0.76,0.76,0.7487,0.39455000000000007
0.76,0.78,0.7474000000000001,0.3938
0.76,0.8,0.7487499999999999,0.39205000000000007
0.76,0.8200000000000001,0.7467,0.39075000000000004
0.76,0.84,0.7472000000000001,0.39455000000000007
0.76,0.86,0.7453999999999998,0.3937
0.76,0.88,0.74525,0.38730000000000003
0.76,0.9,0.7494500000000001,0.396
0.76,0.92,0.7474999999999999,0.3936
0.76,0.9400000000000001,0.74395,0.38935
0.76,0.96,0.74275,0.38649999999999995
0.76,0.98,0.7459499999999999,0.39025
0.76,1.0,0.7434499999999999,0.38745
0.76,1.02,0.7475499999999999,0.39574999999999994
0.76,1.04,0.7423,0.38634999999999997
0.76,1.06,0.74425,0.38785000000000003
0.76,1.08,0.74865,0.3915
0.78,0.0,0.7449,0.38849999999999996
0.78,0.02,0.74515,0.38675
0.78,0.04,0.7436499999999999,0.38994999999999996
0.78,0.06,0.749,0.39510000000000006
0.78,0.08,0.7472,0.39295
0.78,0.1,0.74725,0.39075000000000004
0.78,0.12,0.74665,0.39075
0.78,0.14,0.7421500000000001,0.39005
0.78,0.16,0.7442000000000001,0.38910000000000006
0.78,0.18,0.7470999999999999,0.39235
0.78,0.2,0.7464999999999999,0.39225
0.78,0.22,0.74605,0.38844999999999996
0.78,0.24,0.74695,0.39355
0.78,0.26,0.7476,0.39454999999999996
0.78,0.28,0.7465499999999999,0.39124999999999993
0.78,0.3,0.7482,0.39705
0.78,0.32,0.7424000000000001,0.386
0.78,0.34,0.7447499999999999,0.39089999999999997
0.78,0.36,0.75005,0.40045000000000003
0.78,0.38,0.7448,0.3893
0.78,0.4,0.7499500000000001,0.40054999999999996
0.78,0.42,0.7489000000000001,0.3938
0.78,0.44,0.74425,0.38804999999999995
0.78,0.46,0.74845,0.3954
0.78,0.48,0.7489,0.4013999999999999
0.78,0.5,0.7476,0.38975
0.78,0.52,0.74705,0.39365
0.78,0.54,0.7426499999999999,0.38480000000000003
0.78,0.56,0.7435499999999999,0.38794999999999996
0.78,0.58,0.74465,0.39175
0.78,0.6,0.7466,0.3905
0.78,0.62,0.7482,0.3919
0.78,0.64,0.7466499999999999,0.3919
0.78,0.66,0.74665,0.39540000000000003
0.78,0.68,0.7455999999999999,0.3937
0.78,0.7000000000000001,0.74925,0.39435
0.78,0.72,0.74955,0.39555
0.78,0.74,0.7495499999999999,0.39574999999999994
0.78,0.76,0.74725,0.3922
0.78,0.78,0.7467499999999999,0.3916
0.78,0.8,0.7471,0.38770000000000004
0.78,0.8200000000000001,0.7395,0.3794
0.78,0.84,0.7469500000000001,0.39510000000000006
0.78,0.86,0.7422000000000001,0.381
0.78,0.88,0.7475499999999999,0.39370000000000005
0.78,0.9,0.7492000000000001,0.394
0.78,0.92,0.74525,0.38855
0.78,0.9400000000000001,0.7451000000000001,0.38875000000000004
0.78,0.96,0.7475,0.39075000000000004
0.78,0.98,0.74565,0.3892
0.78,1.0,0.7475999999999999,0.39399999999999996
0.78,1.02,0.7484499999999998,0.39365
0.78,1.04,0.74615,0.39105
0.78,1.06,0.74865,0.3902
0.78,1.08,0.7472999999999999,0.39494999999999997
0.8,0.0,0.7458499999999999,0.3863500000000001
0.8,0.02,0.74475,0.39165
0.8,0.04,0.7464500000000001,0.38945
0.8,0.06,0.7469,0.39355
0.8,0.08,0.7468,0.38804999999999995
0.8,0.1,0.7446499999999999,0.3894500000000001
0.8,0.12,0.7482500000000001,0.3934
0.8,0.14,0.7441499999999999,0.38559999999999994
0.8,0.16,0.74665,0.3922500000000001
0.8,0.18,0.7438,0.38560000000000005
0.8,0.2,0.7464999999999999,0.3898
0.8,0.22,0.7461499999999999,0.39305
0.8,0.24,0.7455999999999998,0.3905
0.8,0.26,0.7459499999999999,0.38780000000000003
0.8,0.28,0.74515,0.38634999999999997
0.8,0.3,0.7456499999999999,0.38755
0.8,0.32,0.7484,0.3956
0.8,0.34,0.7457499999999999,0.39005
0.8,0.36,0.74095,0.38195
0.8,0.38,0.7456,0.39444999999999997
0.8,0.4,0.7467999999999999,0.3901
0.8,0.42,0.74605,0.3915
0.8,0.44,0.7456,0.3906
0.8,0.46,0.74355,0.38225
0.8,0.48,0.7452000000000001,0.39059999999999995
0.8,0.5,0.7503,0.3995
0.8,0.52,0.74715,0.39205
0.8,0.54,0.7446999999999999,0.38780000000000003
0.8,0.56,0.7487999999999999,0.39455
0.8,0.58,0.7475999999999999,0.3929
0.8,0.6,0.74495,0.38675000000000004
0.8,0.62,0.7461,0.392
0.8,0.64,0.7455,0.38715
0.8,0.66,0.7469999999999999,0.39015
0.8,0.68,0.7433500000000001,0.38804999999999995
0.8,0.7000000000000001,0.74895,0.39394999999999997
0.8,0.72,0.74875,0.4004
0.8,0.74,0.7466999999999999,0.39300000000000007
0.8,0.76,0.7438,0.3899
0.8,0.78,0.74935,0.397
0.8,0.8,0.7462,0.3915
0.8,0.8200000000000001,0.7461499999999999,0.39105
0.8,0.84,0.7438,0.3841
0.8,0.86,0.74515,0.38565000000000005
0.8,0.88,0.74895,0.39560000000000006
0.8,0.9,0.7459,0.39230000000000004
0.8,0.92,0.74685,0.3903
0.8,0.9400000000000001,0.7484000000000001,0.3958499999999999
0.8,0.96,0.7457999999999999,0.3845
0.8,0.98,0.7437,0.38905
0.8,1.0,0.7461,0.39299999999999996
0.8,1.02,0.7507,0.3981
0.8,1.04,0.7488499999999999,0.39305
0.8,1.06,0.7458500000000001,0.3901
0.8,1.08,0.7464500000000001,0.39195
0.8200000000000001,0.0,0.7459999999999999,0.38825
0.8200000000000001,0.02,0.74815,0.3956
0.8200000000000001,0.04,0.7474500000000001,0.3941
0.8200000000000001,0.06,0.74635,0.3935
0.8200000000000001,0.08,0.74865,0.39515
0.8200000000000001,0.1,0.7458,0.39365
0.8200000000000001,0.12,0.74395,0.38555
0.8200000000000001,0.14,0.74605,0.39070000000000005
0.8200000000000001,0.16,0.7482000000000001,0.3931
0.8200000000000001,0.18,0.7461,0.38795
0.8200000000000001,0.2,0.7477,0.39570000000000005
0.8200000000000001,0.22,0.7472,0.38680000000000003
0.8200000000000001,0.24,0.74715,0.38775
0.8200000000000001,0.26,0.74745,0.39355
0.8200000000000001,0.28,0.74445,0.3859
0.8200000000000001,0.3,0.74825,0.39289999999999997
0.8200000000000001,0.32,0.7474999999999999,0.3932
0.8200000000000001,0.34,0.74595,0.38880000000000003
0.8200000000000001,0.36,0.74845,0.39380000000000004
0.8200000000000001,0.38,0.74475,0.38975000000000004
0.8200000000000001,0.4,0.7456999999999999,0.3904
0.8200000000000001,0.42,0.7448,0.39235000000000003
0.8200000000000001,0.44,0.7463500000000001,0.3929
0.8200000000000001,0.46,0.7460500000000001,0.39305
0.8200000000000001,0.48,0.7469000000000001,0.39410000000000006
0.8200000000000001,0.5,0.7474999999999999,0.39475
0.8200000000000001,0.52,0.74825,0.3921
0.8200000000000001,0.54,0.7418,0.38295
0.8200000000000001,0.56,0.7498000000000001,0.39519999999999994
0.8200000000000001,0.58,0.7461,0.39425
0.8200000000000001,0.6,0.746,0.38815
0.8200000000000001,0.62,0.7457500000000001,0.3897
0.8200000000000001,0.64,0.74495,0.39245
0.8200000000000001,0.66,0.74405,0.38464999999999994
0.8200000000000001,0.68,0.74435,0.39100000000000007
0.8200000000000001,0.7000000000000001,0.7443499999999998,0.38649999999999995
0.8200000000000001,0.72,0.7434,0.38360000000000005
0.8200000000000001,0.74,0.74705,0.3912999999999999
0.8200000000000001,0.76,0.7474500000000001,0.39244999999999997
0.8200000000000001,0.78,0.7454999999999999,0.3887999999999999
0.8200000000000001,0.8,0.74455,0.3908
0.8200000000000001,0.8200000000000001,0.7456499999999999,0.39275000000000004
0.8200000000000001,0.84,0.7465500000000002,0.39055
0.8200000000000001,0.86,0.74915,0.3945
0.8200000000000001,0.88,0.7460500000000001,0.39374999999999993
0.8200000000000001,0.9,0.7465499999999999,0.39215
0.8200000000000001,0.92,0.7479500000000001,0.3928
0.8200000000000001,0.9400000000000001,0.7467999999999999,0.39105
0.8200000000000001,0.96,0.7450500000000001,0.3843
0.8200000000000001,0.98,0.7481500000000001,0.3914
0.8200000000000001,1.0,0.7485999999999999,0.396
0.8200000000000001,1.02,0.74495,0.38939999999999997
0.8200000000000001,1.04,0.7434000000000001,0.38645000000000007
0.8200000000000001,1.06,0.7471499999999999,0.3913
0.8200000000000001,1.08,0.7451,0.39015
0.84,0.0,0.74865,0.39039999999999997
0.84,0.02,0.7459,0.39004999999999995
0.84,0.04,0.7442,0.3919
0.84,0.06,0.74315,0.38775
0.84,0.08,0.74575,0.38745
0.84,0.1,0.7497999999999999,0.39755
0.84,0.12,0.7444,0.38855000000000006
0.84,0.14,0.7474999999999999,0.39420000000000005
0.84,0.16,0.7436,0.38905
0.84,0.18,0.74535,0.3894
0.84,0.2,0.7487000000000001,0.39565
0.84,0.22,0.74655,0.39375
0.84,0.24,0.74685,0.3912
0.84,0.26,0.7465,0.39275
0.84,0.28,0.7465,0.39059999999999995
0.84,0.3,0.7445999999999999,0.39144999999999996
0.84,0.32,0.7467500000000001,0.3924500000000001
0.84,0.34,0.7478,0.3933
0.84,0.36,0.7485499999999999,0.39370000000000005
0.84,0.38,0.7474,0.39215
0.84,0.4,0.74995,0.39615
0.84,0.42,0.74605,0.3938499999999999
0.84,0.44,0.7475999999999999,0.39515
0.84,0.46,0.74705,0.389
0.84,0.48,0.7440500000000001,0.39245
0.84,0.5,0.74705,0.39115
0.84,0.52,0.7465499999999998,0.39115
0.84,0.54,0.74685,0.39275
0.84,0.56,0.7438999999999999,0.3891
0.84,0.58,0.7448,0.38995
0.84,0.6,0.7436999999999999,0.38480000000000003
0.84,0.62,0.7442499999999999,0.38515
0.84,0.64,0.75,0.39745
0.84,0.66,0.74635,0.39530000000000004
0.84,0.68,0.744,0.38775000000000004
0.84,0.7000000000000001,0.74395,0.3863500000000001
0.84,0.72,0.7447,0.3872
0.84,0.74,0.748,0.3931
0.84,0.76,0.74475,0.38580000000000003
0.84,0.78,0.7460500000000001,0.39305
0.84,0.8,0.7466999999999999,0.3913
0.84,0.8200000000000001,0.74525,0.39099999999999996
0.84,0.84,0.7484,0.39595
0.84,0.86,0.7453000000000001,0.38734999999999997
0.84,0.88,0.7441500000000001,0.38915
0.84,0.9,0.74715,0.39375
0.84,0.92,0.7450999999999999,0.3883500000000001
0.84,0.9400000000000001,0.7484,0.3931
0.84,0.96,0.7439500000000001,0.38880000000000003
0.84,0.98,0.7472000000000001,0.39275
0.84,1.0,0.7463,0.39195
0.84,1.02,0.74705,0.39195
0.84,1.04,0.7439,0.38915
0.84,1.06,0.74505,0.38970000000000005
0.84,1.08,0.7470000000000001,0.38885
0.86,0.0,0.7498500000000001,0.399
0.86,0.02,0.74425,0.38754999999999995
0.86,0.04,0.7461500000000001,0.38965
0.86,0.06,0.7495499999999999,0.3965
0.86,0.08,0.747,0.3929
0.86,0.1,0.7474000000000001,0.39285
0.86,0.12,0.7435499999999999,0.38380000000000003
0.86,0.14,0.7506,0.39735
0.86,0.16,0.7438499999999999,0.3896
0.86,0.18,0.74555,0.39310000000000006
0.86,0.2,0.74925,0.39585
0.86,0.22,0.7468999999999999,0.39410000000000006
0.86,0.24,0.7476999999999999,0.39070000000000005
0.86,0.26,0.7476499999999999,0.3909
0.86,0.28,0.7472999999999999,0.3938
0.86,0.3,0.7459,0.39085
0.86,0.32,0.7462,0.38965000000000005
0.86,0.34,0.7443000000000001,0.38650000000000007
0.86,0.36,0.7453000000000001,0.38955
0.86,0.38,0.7457,0.3886
0.86,0.4,0.7428999999999999,0.38449999999999995
0.86,0.42,0.74195,0.38345
0.86,0.44,0.74745,0.3961499999999999
0.86,0.46,0.7443500000000001,0.388
0.86,0.48,0.7452500000000001,0.38944999999999996
0.86,0.5,0.7458500000000001,0.38715
0.86,0.52,0.7457499999999999,0.38855
0.86,0.54,0.7483000000000002,0.3924
0.86,0.56,0.7483500000000001,0.3945
0.86,0.58,0.7468999999999999,0.3907
0.86,0.6,0.74535,0.38970000000000005
0.86,0.62,0.749,0.392
0.86,0.64,0.7493000000000001,0.39440000000000003
0.86,0.66,0.7456,0.3881500000000001
0.86,0.68,0.74825,0.39370000000000005
0.86,0.7000000000000001,0.74925,0.39659999999999995
0.86,0.72,0.7444499999999998,0.3925
0.86,0.74,0.7466999999999999,0.39025000000000004
0.86,0.76,0.7451,0.38765
0.86,0.78,0.74645,0.39375000000000004
0.86,0.8,0.7463499999999998,0.39
0.86,0.8200000000000001,0.7499,0.39705
0.86,0.84,0.7459,0.38789999999999997
0.86,0.86,0.7467000000000001,0.39515
0.86,0.88,0.74605,0.39175000000000004
0.86,0.9,0.74665,0.3945
0.86,0.92,0.74585,0.39180000000000004
0.86,0.9400000000000001,0.7474999999999999,0.39030000000000004
0.86,0.96,0.7473,0.39244999999999997
0.86,0.98,0.7461,0.39519999999999994
0.86,1.0,0.74275,0.38795
0.86,1.02,0.74495,0.38925
0.86,1.04,0.7451,0.38849999999999996
0.86,1.06,0.7469,0.39155000000000006
0.86,1.08,0.74445,0.38955000000000006
0.88,0.0,0.747,0.3925
0.88,0.02,0.74895,0.39309999999999995
0.88,0.04,0.7420500000000001,0.3834
0.88,0.06,0.74485,0.3886
0.88,0.08,0.7467499999999999,0.39105
0.88,0.1,0.74375,0.38785
0.88,0.12,0.74785,0.3912
0.88,0.14,0.7463,0.3903
0.88,0.16,0.7478,0.39465000000000006
0.88,0.18,0.7468,0.3955
0.88,0.2,0.7472999999999999,0.39244999999999997
0.88,0.22,0.7459999999999999,0.3895
0.88,0.24,0.74695,0.39335000000000003
0.88,0.26,0.7485999999999999,0.39099999999999996
0.88,0.28,0.7480500000000001,0.39380000000000004
0.88,0.3,0.7466499999999999,0.39235000000000003
0.88,0.32,0.7467499999999999,0.3928
0.88,0.34,0.7482,0.3932000000000001
0.88,0.36,0.7452,0.3902
0.88,0.38,0.7466999999999999,0.38950000000000007
0.88,0.4,0.747,0.38980000000000004
0.88,0.42,0.7472,0.3909
0.88,0.44,0.7452500000000001,0.3906
0.88,0.46,0.7472,0.3935
0.88,0.48,0.7451000000000001,0.3872000000000001
0.88,0.5,0.7442,0.38755
0.88,0.52,0.7455499999999999,0.38845
0.88,0.54,0.74915,0.39255
0.88,0.56,0.74145,0.38450000000000006
0.88,0.58,0.7441,0.3881
0.88,0.6,0.7474500000000002,0.39370000000000005
0.88,0.62,0.7471,0.3914
0.88,0.64,0.7493,0.3924
0.88,0.66,0.7492000000000001,0.39335
0.88,0.68,0.7437,0.3883
0.88,0.7000000000000001,0.7461500000000001,0.3912
0.88,0.72,0.7495,0.3941
0.88,0.74,0.7475499999999999,0.39195
0.88,0.76,0.7441,0.388
0.88,0.78,0.7496499999999999,0.39455
0.88,0.8,0.74725,0.3947
0.88,0.8200000000000001,0.7440499999999999,0.3887
0.88,0.84,0.74695,0.3911
0.88,0.86,0.7378,0.3741
0.88,0.88,0.7474000000000001,0.38869999999999993
0.88,0.9,0.7501,0.39880000000000004
0.88,0.92,0.74655,0.39189999999999997
0.88,0.9400000000000001,0.74415,0.3876
0.88,0.96,0.74475,0.38725000000000004
0.88,0.98,0.7451000000000001,0.38870000000000005
0.88,1.0,0.7462,0.38839999999999997
0.88,1.02,0.74115,0.37604999999999994
0.88,1.04,0.7369000000000001,0.37309999999999993
0.88,1.06,0.746,0.3918
0.88,1.08,0.7479,0.39224999999999993
0.9,0.0,0.74995,0.3954
0.9,0.02,0.7435500000000002,0.3863500000000001
0.9,0.04,0.7438499999999999,0.38545000000000007
0.9,0.06,0.7468500000000001,0.3896
0.9,0.08,0.7477,0.39365
0.9,0.1,0.7466999999999999,0.39044999999999996
0.9,0.12,0.7449499999999999,0.38845
0.9,0.14,0.74865,0.39735000000000004
0.9,0.16,0.74515,0.39089999999999997
0.9,0.18,0.74805,0.39435000000000003
0.9,0.2,0.74585,0.38794999999999996
0.9,0.22,0.7454999999999999,0.385
0.9,0.24,0.7476,0.39465000000000006
0.9,0.26,0.7451,0.3881
0.9,0.28,0.7444,0.386
0.9,0.3,0.7464500000000001,0.39189999999999997
0.9,0.32,0.7484,0.39765
0.9,0.34,0.7464999999999999,0.39165
0.9,0.36,0.74685,0.38999999999999996
0.9,0.38,0.7430000000000001,0.38525
0.9,0.4,0.7470000000000001,0.3949
0.9,0.42,0.7478,0.39405
0.9,0.44,0.74775,0.3928
0.9,0.46,0.74665,0.39119999999999994
0.9,0.48,0.74465,0.3884500000000001
0.9,0.5,0.75165,0.39975
0.9,0.52,0.7447999999999999,0.38905000000000006
0.9,0.54,0.7483,0.39230000000000004
0.9,0.56,0.74855,0.39344999999999997
0.9,0.58,0.7459,0.39089999999999997
0.9,0.6,0.7426999999999999,0.3809
0.9,0.62,0.74735,0.394
0.9,0.64,0.7489999999999999,0.39475000000000005
0.9,0.66,0.7457,0.38825
0.9,0.68,0.7438,0.38289999999999996
0.9,0.7000000000000001,0.7481,0.39180000000000004
0.9,0.72,0.7429499999999999,0.3841
0.9,0.74,0.74855,0.39585
0.9,0.76,0.7444,0.3874000000000001
0.9,0.78,0.74665,0.3896
0.9,0.8,0.74695,0.38830000000000003
0.9,0.8200000000000001,0.7439000000000001,0.38654999999999995
0.9,0.84,0.7429499999999999,0.38485
0.9,0.86,0.74455,0.3888
0.9,0.88,0.7446999999999999,0.38935
0.9,0.9,0.7468,0.39225
0.9,0.92,0.7483500000000001,0.39555000000000007
0.9,0.9400000000000001,0.74975,0.39725
0.9,0.96,0.7427500000000001,0.3847
0.9,0.98,0.7444,0.38555
0.9,1.0,0.73685,0.37
0.9,1.02,0.7451000000000001,0.38915
0.9,1.04,0.748,0.3925
0.9,1.06,0.7468,0.39315
0.9,1.08,0.7424499999999999,0.3866
0.92,0.0,0.7466,0.39165
0.92,0.02,0.7512500000000001,0.3973
0.92,0.04,0.7445499999999999,0.3897
0.92,0.06,0.745,0.3867
0.92,0.08,0.7476499999999999,0.39479999999999993
0.92,0.1,0.74925,0.39754999999999996
0.92,0.12,0.7485499999999999,0.39149999999999996
0.92,0.14,0.7463500000000001,0.38584999999999997
0.92,0.16,0.7433,0.38495
0.92,0.18,0.7437500000000001,0.38615000000000005
0.92,0.2,0.7465999999999999,0.38794999999999996
0.92,0.22,0.7455,0.39075
0.92,0.24,0.7464999999999999,0.38925
0.92,0.26,0.7436,0.38565
0.92,0.28,0.7424000000000001,0.38580000000000003
0.92,0.3,0.74665,0.3899
0.92,0.32,0.7449,0.38460000000000005
0.92,0.34,0.74325,0.38775
0.92,0.36,0.7476499999999999,0.3905
0.92,0.38,0.7484499999999998,0.395
0.92,0.4,0.7445499999999999,0.38380000000000003
0.92,0.42,0.7449999999999999,0.38820000000000005
0.92,0.44,0.7463500000000001,0.39245
0.92,0.46,0.74695,0.3922
0.92,0.48,0.74775,0.39325
0.92,0.5,0.7446999999999999,0.3859
0.92,0.52,0.74805,0.39395
0.92,0.54,0.7470500000000001,0.3906
0.92,0.56,0.7488999999999999,0.39665
0.92,0.58,0.7458500000000001,0.39004999999999995
0.92,0.6,0.7475499999999999,0.39315000000000005
0.92,0.62,0.7444500000000001,0.38575
0.92,0.64,0.74535,0.39125
0.92,0.66,0.7501,0.3952
0.92,0.68,0.7471,0.393
0.92,0.7000000000000001,0.7468,0.39195
0.92,0.72,0.7476,0.39239999999999997
0.92,0.74,0.74675,0.3903
0.92,0.76,0.7483500000000001,0.39095
0.92,0.78,0.74805,0.39470000000000005
0.92,0.8,0.7462,0.38949999999999996
0.92,0.8200000000000001,0.74885,0.39390000000000003
0.92,0.84,0.7452000000000001,0.3893
0.92,0.86,0.7442500000000001,0.39
0.92,0.88,0.74525,0.3893
0.92,0.9,0.7479,0.39080000000000004
0.92,0.92,0.7477,0.39335000000000003
0.92,0.9400000000000001,0.74875,0.39590000000000003
0.92,0.96,0.75015,0.3969
0.92,0.98,0.7466000000000002,0.39355
0.92,1.0,0.7464000000000001,0.39005
0.92,1.02,0.7491499999999999,0.39570000000000005
0.92,1.04,0.7444999999999999,0.3907
0.92,1.06,0.745,0.38985
0.92,1.08,0.7468000000000001,0.38935
0.9400000000000001,0.0,0.7451500000000001,0.3921
0.9400000000000001,0.02,0.75025,0.3995
0.9400000000000001,0.04,0.7458499999999999,0.3879500000000001
0.9400000000000001,0.06,0.74695,0.39410000000000006
0.9400000000000001,0.08,0.7485499999999998,0.39575
0.9400000000000001,0.1,0.74385,0.38660000000000005
0.9400000000000001,0.12,0.7474999999999999,0.39544999999999997
0.9400000000000001,0.14,0.7469,0.39050000000000007
0.9400000000000001,0.16,0.7474999999999999,0.39165
0.9400000000000001,0.18,0.74315,0.3867
0.9400000000000001,0.2,0.7464500000000001,0.38995
0.9400000000000001,0.22,0.7467999999999999,0.39594999999999997
0.9400000000000001,0.24,0.7456000000000002,0.39239999999999997
0.9400000000000001,0.26,0.7490499999999999,0.38985000000000003
0.9400000000000001,0.28,0.74725,0.3940000000000001
0.9400000000000001,0.3,0.74485,0.3908
0.9400000000000001,0.32,0.7455,0.38844999999999996
0.9400000000000001,0.34,0.7532,0.3993
0.9400000000000001,0.36,0.7466,0.39035
0.9400000000000001,0.38,0.74515,0.39125
0.9400000000000001,0.4,0.7468999999999999,0.38785000000000003
0.9400000000000001,0.42,0.7481,0.393
0.9400000000000001,0.44,0.7465499999999999,0.39515
0.9400000000000001,0.46,0.7522500000000001,0.40190000000000003
0.9400000000000001,0.48,0.7485999999999999,0.3963
0.9400000000000001,0.5,0.7464500000000001,0.3883
0.9400000000000001,0.52,0.7497999999999999,0.39744999999999997
0.9400000000000001,0.54,0.74925,0.3968
0.9400000000000001,0.56,0.7464000000000002,0.38835000000000003
0.9400000000000001,0.58,0.74545,0.38825000000000004
0.9400000000000001,0.6,0.7471500000000001,0.38815
0.9400000000000001,0.62,0.74775,0.39425000000000004
0.9400000000000001,0.64,0.74635,0.3859
0.9400000000000001,0.66,0.7454000000000001,0.3882
0.9400000000000001,0.68,0.7462,0.39075000000000004
0.9400000000000001,0.7000000000000001,0.7431500000000001,0.38465000000000005
0.9400000000000001,0.72,0.7416500000000001,0.37939999999999996
0.9400000000000001,0.74,0.7467499999999999,0.39365
0.9400000000000001,0.76,0.7482500000000001,0.39194999999999997
0.9400000000000001,0.78,0.74225,0.382
0.9400000000000001,0.8,0.7449499999999999,0.3923
0.9400000000000001,0.8200000000000001,0.7417999999999998,0.38079999999999997
0.9400000000000001,0.84,0.7459500000000001,0.39015
0.9400000000000001,0.86,0.7471,0.39265000000000005
0.9400000000000001,0.88,0.7473499999999998,0.39089999999999997
0.9400000000000001,0.9,0.7443,0.38535
0.9400000000000001,0.92,0.74445,0.38480000000000003
0.9400000000000001,0.9400000000000001,0.7453,0.38715
0.9400000000000001,0.96,0.74655,0.38985000000000003
0.9400000000000001,0.98,0.7467,0.3915
0.9400000000000001,1.0,0.7456499999999999,0.3877
0.9400000000000001,1.02,0.7476999999999999,0.39425000000000004
0.9400000000000001,1.04,0.74495,0.38735
0.9400000000000001,1.06,0.74815,0.39714999999999995
0.9400000000000001,1.08,0.7494,0.39239999999999997
0.96,0.0,0.74705,0.39195
0.96,0.02,0.7438999999999999,0.3872999999999999
0.96,0.04,0.7463500000000001,0.38995
0.96,0.06,0.7504,0.3962
0.96,0.08,0.7467499999999999,0.39170000000000005
0.96,0.1,0.74745,0.39404999999999996
0.96,0.12,0.74435,0.38415
0.96,0.14,0.7421,0.38334999999999997
0.96,0.16,0.7464,0.38975000000000004
0.96,0.18,0.7481,0.39130000000000004
0.96,0.2,0.74865,0.39175000000000004
0.96,0.22,0.74695,0.3898
0.96,0.24,0.74875,0.3925
0.96,0.26,0.7476,0.3929
0.96,0.28,0.74725,0.39125000000000004
0.96,0.3,0.7434,0.3851
0.96,0.32,0.7462000000000001,0.39055
0.96,0.34,0.7463000000000001,0.39089999999999997
0.96,0.36,0.74275,0.38865
0.96,0.38,0.7430000000000001,0.38460000000000005
0.96,0.4,0.7464999999999999,0.39005
0.96,0.42,0.7466999999999999,0.3921
0.96,0.44,0.7429,0.38305
0.96,0.46,0.74325,0.38735
0.96,0.48,0.7452500000000001,0.3894
0.96,0.5,0.74725,0.39285000000000003
0.96,0.52,0.74555,0.3932
0.96,0.54,0.74735,0.39350000000000007
0.96,0.56,0.7458499999999999,0.38905
0.96,0.58,0.7464000000000001,0.39105
0.96,0.6,0.74475,0.3883000000000001
0.96,0.62,0.7469,0.39455
0.96,0.64,0.7459500000000001,0.39035000000000003
0.96,0.66,0.74675,0.3919
0.96,0.68,0.7466,0.39049999999999996
0.96,0.7000000000000001,0.7497499999999999,0.40015
0.96,0.72,0.7485999999999998,0.39764999999999995
0.96,0.74,0.74845,0.3901
0.96,0.76,0.7463500000000001,0.38849999999999996
0.96,0.78,0.7461499999999999,0.38770000000000004
0.96,0.8,0.7484499999999998,0.39495
0.96,0.8200000000000001,0.7435500000000002,0.38630000000000003
0.96,0.84,0.7462000000000001,0.3881
0.96,0.86,0.74735,0.39209999999999995
0.96,0.88,0.7508000000000001,0.39565
0.96,0.9,0.7471,0.39115
0.96,0.92,0.7455499999999999,0.3845
0.96,0.9400000000000001,0.7457999999999999,0.3908
0.96,0.96,0.74345,0.38775
0.96,0.98,0.7493500000000001,0.39745
0.96,1.0,0.7456,0.3875
0.96,1.02,0.7481,0.392
0.96,1.04,0.7479,0.39194999999999997
0.96,1.06,0.74615,0.38964999999999994
0.96,1.08,0.7508999999999999,0.3955
0.98,0.0,0.7478,0.39495
0.98,0.02,0.7508,0.3976
0.98,0.04,0.7425999999999999,0.38615
0.98,0.06,0.7496499999999999,0.3952
0.98,0.08,0.74825,0.39415000000000006
0.98,0.1,0.7468,0.38970000000000005
0.98,0.12,0.74385,0.3872
0.98,0.14,0.7483500000000001,0.39350000000000007
0.98,0.16,0.74845,0.39699999999999996
0.98,0.18,0.747,0.39005000000000006
0.98,0.2,0.7515,0.3994
0.98,0.22,0.74525,0.3881
0.98,0.24,0.7473499999999998,0.39
0.98,0.26,0.7512000000000001,0.3988999999999999
0.98,0.28,0.74925,0.39655
0.98,0.3,0.74595,0.3894000000000001
0.98,0.32,0.7454999999999998,0.39135
0.98,0.34,0.7434999999999999,0.38815
0.98,0.36,0.7491000000000001,0.39544999999999997
0.98,0.38,0.7445999999999999,0.3884
0.98,0.4,0.7474,0.392
0.98,0.42,0.7450499999999999,0.38515
0.98,0.44,0.7482,0.39225000000000004
0.98,0.46,0.74425,0.3899
0.98,0.48,0.7458,0.3899
0.98,0.5,0.7452000000000001,0.38954999999999995
0.98,0.52,0.7458,0.3896
0.98,0.54,0.7441500000000001,0.388
0.98,0.56,0.7427,0.38460000000000005
0.98,0.58,0.74705,0.39105
0.98,0.6,0.7457499999999999,0.3881
0.98,0.62,0.74505,0.38580000000000003
0.98,0.64,0.7482999999999999,0.39585
0.98,0.66,0.7508999999999999,0.39744999999999997
0.98,0.68,0.7469999999999999,0.39315
0.98,0.7000000000000001,0.7492000000000001,0.3966
0.98,0.72,0.7474999999999999,0.39204999999999995
0.98,0.74,0.7424,0.3852
0.98,0.76,0.7488,0.39125
0.98,0.78,0.7472000000000001,0.39244999999999997
0.98,0.8,0.74705,0.3897
0.98,0.8200000000000001,0.7455499999999999,0.38565
0.98,0.84,0.7412000000000001,0.38445
0.98,0.86,0.7489,0.39370000000000005
0.98,0.88,0.7450500000000001,0.388
0.98,0.9,0.7504500000000001,0.39804999999999996
0.98,0.92,0.74355,0.38695
0.98,0.9400000000000001,0.74925,0.39835
0.98,0.96,0.7493,0.39275000000000004
0.98,0.98,0.7462999999999999,0.39475000000000005
0.98,1.0,0.7449000000000001,0.3902
0.98,1.02,0.74465,0.3873
0.98,1.04,0.74695,0.39305
0.98,1.06,0.747,0.3914000000000001
0.98,1.08,0.74315,0.3836
1.0,0.0,0.7465499999999998,0.38965
1.0,0.02,0.74715,0.3916
1.0,0.04,0.7473500000000001,0.39675000000000005
1.0,0.06,0.74485,0.39085000000000003
1.0,0.08,0.7457,0.38900000000000007
1.0,0.1,0.7514,0.4013999999999999
1.0,0.12,0.74775,0.39570000000000005
1.0,0.14,0.74715,0.39185000000000003
1.0,0.16,0.7461999999999999,0.39025000000000004
1.0,0.18,0.7445999999999999,0.38859999999999995
1.0,0.2,0.7439500000000001,0.39004999999999995
1.0,0.22,0.7503999999999998,0.39599999999999996
1.0,0.24,0.7526999999999999,0.40275
1.0,0.26,0.7459000000000001,0.38819999999999993
1.0,0.28,0.7474000000000001,0.39325
1.0,0.3,0.7480499999999999,0.39255000000000007
1.0,0.32,0.7462499999999999,0.3881
1.0,0.34,0.7454,0.39065000000000005
1.0,0.36,0.7461,0.39295
1.0,0.38,0.7447999999999999,0.38885
1.0,0.4,0.74665,0.38795
1.0,0.42,0.74695,0.39110000000000006
1.0,0.44,0.7443500000000001,0.3875
1.0,0.46,0.7479,0.3969
1.0,0.48,0.7518,0.39735
1.0,0.5,0.74355,0.38895
1.0,0.52,0.7471500000000001,0.39194999999999997
1.0,0.54,0.7446,0.38715
1.0,0.56,0.7477,0.39335
1.0,0.58,0.7455,0.38754999999999995
1.0,0.6,0.7493000000000001,0.39869999999999994
1.0,0.62,0.74605,0.38870000000000005
1.0,0.64,0.7495999999999999,0.394
1.0,0.66,0.74965,0.39554999999999996
1.0,0.68,0.74585,0.38575000000000004
1.0,0.7000000000000001,0.74545,0.38560000000000005
1.0,0.72,0.7454,0.3908
1.0,0.74,0.7453000000000001,0.38755000000000006
1.0,0.76,0.7469,0.38975
1.0,0.78,0.7474,0.39249999999999996
1.0,0.8,0.7476499999999999,0.39425000000000004
1.0,0.8200000000000001,0.74685,0.395
1.0,0.84,0.7486,0.39695
1.0,0.86,0.74935,0.39205000000000007
1.0,0.88,0.7427999999999999,0.38315
1.0,0.9,0.7461,0.3862
1.0,0.92,0.7473500000000001,0.39480000000000004
1.0,0.9400000000000001,0.7475999999999999,0.39225000000000004
1.0,0.96,0.74875,0.39085000000000003
1.0,0.98,0.74835,0.39175000000000004
1.0,1.0,0.74885,0.39459999999999995
1.0,1.02,0.7446000000000002,0.3848999999999999
1.0,1.04,0.7469500000000001,0.39085000000000003
1.0,1.06,0.7446499999999999,0.3912
1.0,1.08,0.7464999999999999,0.39110000000000006
1.02,0.0,0.7464,0.39049999999999996
1.02,0.02,0.74665,0.38985
1.02,0.04,0.7478,0.39675000000000005
1.02,0.06,0.7511,0.39794999999999997
1.02,0.08,0.7481,0.39525
1.02,0.1,0.7448000000000001,0.38855000000000006
1.02,0.12,0.7476,0.39394999999999997
1.02,0.14,0.7455999999999999,0.3921
1.02,0.16,0.7460000000000001,0.38695
1.02,0.18,0.7491999999999999,0.39499999999999996
1.02,0.2,0.7453000000000001,0.3875
1.02,0.22,0.7467,0.38994999999999996
1.02,0.24,0.7473,0.38875000000000004
1.02,0.26,0.74975,0.39344999999999997
1.02,0.28,0.7496499999999999,0.3964
1.02,0.3,0.7470000000000001,0.3916
1.02,0.32,0.74765,0.38925000000000004
1.02,0.34,0.7475499999999999,0.39069999999999994
1.02,0.36,0.7444,0.388
1.02,0.38,0.74795,0.3929
1.02,0.4,0.7466999999999999,0.3942
1.02,0.42,0.74305,0.3869000000000001
1.02,0.44,0.7453,0.38745
1.02,0.46,0.7494500000000001,0.3943
1.02,0.48,0.7478999999999999,0.38925
1.02,0.5,0.7443500000000001,0.38734999999999997
1.02,0.52,0.7479500000000001,0.39575
1.02,0.54,0.7465,0.38735
1.02,0.56,0.7467500000000001,0.3921
1.02,0.58,0.7488,0.39405
1.02,0.6,0.7485999999999999,0.3936
1.02,0.62,0.7455499999999999,0.39245
1.02,0.64,0.7505499999999999,0.39759999999999995
1.02,0.66,0.7487999999999999,0.39180000000000004
1.02,0.68,0.74695,0.3905
1.02,0.7000000000000001,0.7454500000000001,0.38849999999999996
1.02,0.72,0.7456,0.39105
1.02,0.74,0.7488,0.39720000000000005
1.02,0.76,0.7473500000000001,0.39145
1.02,0.78,0.7475,0.39335
1.02,0.8,0.7480999999999999,0.39255
1.02,0.8200000000000001,0.7457499999999999,0.39139999999999997
1.02,0.84,0.7476,0.39080000000000004
1.02,0.86,0.7464999999999999,0.38849999999999996
1.02,0.88,0.7473,0.38780000000000003
1.02,0.9,0.7445999999999999,0.38770000000000004
1.02,0.92,0.7467,0.38655
1.02,0.9400000000000001,0.74675,0.3955
1.02,0.96,0.7481,0.39505
1.02,0.98,0.7476500000000001,0.39065000000000005
1.02,1.0,0.7492,0.39455
1.02,1.02,0.74895,0.39625000000000005
1.02,1.04,0.7492500000000001,0.394
1.02,1.06,0.74665,0.3908
1.02,1.08,0.7495999999999998,0.39635
1.04,0.0,0.7483500000000001,0.39165
1.04,0.02,0.74895,0.39274999999999993
1.04,0.04,0.7471500000000001,0.38970000000000005
1.04,0.06,0.74695,0.3921
1.04,0.08,0.7444000000000001,0.38515000000000005
1.04,0.1,0.74095,0.382
1.04,0.12,0.7465999999999999,0.39164999999999994
1.04,0.14,0.7444999999999999,0.38575
1.04,0.16,0.7477,0.39625
1.04,0.18,0.74885,0.39425
1.04,0.2,0.7499,0.39490000000000003
1.04,0.22,0.7476999999999999,0.38839999999999997
1.04,0.24,0.7496500000000001,0.39485000000000003
1.04,0.26,0.74535,0.38780000000000003
1.04,0.28,0.74835,0.3934
1.04,0.3,0.74445,0.3902
1.04,0.32,0.74725,0.39285000000000003
1.04,0.34,0.7471,0.38700000000000007
1.04,0.36,0.74605,0.3918
1.04,0.38,0.7463500000000001,0.3891
1.04,0.4,0.74965,0.39199999999999996
1.04,0.42,0.7426999999999999,0.38355000000000006
1.04,0.44,0.7457499999999999,0.3911
1.04,0.46,0.7479,0.3935
1.04,0.48,0.7488499999999999,0.3897
1.04,0.5,0.7471,0.3916
1.04,0.52,0.74465,0.38760000000000006
1.04,0.54,0.7462500000000001,0.39109999999999995
1.04,0.56,0.7493000000000001,0.39425
1.04,0.58,0.74695,0.3908500000000001
1.04,0.6,0.7464000000000002,0.3909000000000001
1.04,0.62,0.74875,0.39390000000000003
1.04,0.64,0.7483500000000001,0.39054999999999995
1.04,0.66,0.74705,0.393
1.04,0.68,0.74705,0.38835
1.04,0.7000000000000001,0.7472,0.3957
1.04,0.72,0.74855,0.39564999999999995
1.04,0.74,0.7457499999999999,0.38945
1.04,0.76,0.7456499999999999,0.38985
1.04,0.78,0.749,0.39725
1.04,0.8,0.7450999999999999,0.3901
1.04,0.8200000000000001,0.7437,0.38434999999999997
1.04,0.84,0.7464500000000001,0.39230000000000004
1.04,0.86,0.7467999999999999,0.39380000000000004
1.04,0.88,0.7479,0.396
1.04,0.9,0.7487999999999999,0.39365
1.04,0.92,0.7461,0.3879
1.04,0.9400000000000001,0.7485,0.3971000000000001
1.04,0.96,0.7439499999999999,0.3909
1.04,0.98,0.7481500000000001,0.39299999999999996
1.04,1.0,0.7487999999999999,0.3973
1.04,1.02,0.75215,0.40549999999999997
1.04,1.04,0.7464,0.38995
1.04,1.06,0.7426,0.3798
1.04,1.08,0.7465499999999999,0.38845
1.06,0.0,0.74685,0.39135
1.06,0.02,0.7486999999999999,0.38970000000000005
1.06,0.04,0.7438499999999999,0.3854
1.06,0.06,0.7448499999999999,0.38534999999999997
1.06,0.08,0.7435,0.3817
1.06,0.1,0.7463500000000001,0.39350000000000007
1.06,0.12,0.74855,0.39535
1.06,0.14,0.7459,0.3918499999999999
1.06,0.16,0.7472500000000001,0.39255000000000007
1.06,0.18,0.7459,0.39195
1.06,0.2,0.7469,0.39605
1.06,0.22,0.7456,0.38839999999999997
1.06,0.24,0.749,0.3964
1.06,0.26,0.74605,0.38665
1.06,0.28,0.74775,0.39085000000000003
1.06,0.3,0.7456,0.38915
1.06,0.32,0.7475499999999999,0.39174999999999993
1.06,0.34,0.7432500000000002,0.3844
1.06,0.36,0.7475499999999999,0.39085000000000003
1.06,0.38,0.7433500000000002,0.38525
1.06,0.4,0.74985,0.39315
1.06,0.42,0.74375,0.3899
1.06,0.44,0.7459,0.3887999999999999
1.06,0.46,0.7481,0.39135
1.06,0.48,0.74535,0.38639999999999997
1.06,0.5,0.7444999999999999,0.38805
1.06,0.52,0.7457,0.39044999999999996
1.06,0.54,0.74455,0.3915
1.06,0.56,0.7462000000000001,0.39130000000000004
1.06,0.58,0.7469,0.39035
1.06,0.6,0.74495,0.388
1.06,0.62,0.7474000000000001,0.38865000000000005
1.06,0.64,0.7467,0.39045
1.06,0.66,0.7463000000000001,0.3908
1.06,0.68,0.7473999999999998,0.38849999999999996
1.06,0.7000000000000001,0.7444,0.38654999999999995
1.06,0.72,0.7444,0.38610000000000005
1.06,0.74,0.7462500000000001,0.3921
1.06,0.76,0.7439500000000001,0.38534999999999997
1.06,0.78,0.7424999999999999,0.38305
1.06,0.8,0.7486,0.39365
1.06,0.8200000000000001,0.74495,0.38495
1.06,0.84,0.7485499999999999,0.39575
1.06,0.86,0.7453000000000001,0.38815000000000005
1.06,0.88,0.74465,0.3858
1.06,0.9,0.7485,0.39225000000000004
1.06,0.92,0.7494500000000001,0.39404999999999996
1.06,0.9400000000000001,0.7460500000000001,0.39060000000000006
1.06,0.96,0.7438,0.38415
1.06,0.98,0.74875,0.39485000000000003
1.06,1.0,0.7456499999999999,0.39105
1.06,1.02,0.7439000000000001,0.38500000000000006
1.06,1.04,0.7464999999999999,0.3908999999999999
1.06,1.06,0.7463000000000001,0.39115
1.06,1.08,0.7454999999999999,0.38994999999999996
1.08,0.0,0.7457999999999999,0.39130000000000004
1.08,0.02,0.7453000000000001,0.38950000000000007
1.08,0.04,0.7484,0.39520000000000005
1.08,0.06,0.7439,0.38530000000000003
1.08,0.08,0.7443500000000001,0.38575
1.08,0.1,0.7410499999999999,0.3806
1.08,0.12,0.7459500000000001,0.38985
1.08,0.14,0.7457,0.38760000000000006
1.08,0.16,0.7455499999999999,0.38815000000000005
1.08,0.18,0.7457,0.38970000000000005
1.08,0.2,0.7476,0.39335
1.08,0.22,0.74665,0.3895500000000001
1.08,0.24,0.7478499999999999,0.3939499999999999
1.08,0.26,0.74515,0.38885000000000003
1.08,0.28,0.7457,0.38700000000000007
1.08,0.3,0.7477500000000001,0.38935000000000003
1.08,0.32,0.74835,0.3938
1.08,0.34,0.7468,0.39265000000000005
1.08,0.36,0.7434000000000001,0.38195
1.08,0.38,0.7474999999999999,0.39109999999999995
1.08,0.4,0.7455999999999999,0.39055000000000006
1.08,0.42,0.7458000000000001,0.39055000000000006
1.08,0.44,0.7438,0.38645
1.08,0.46,0.7489999999999999,0.3899999999999999
1.08,0.48,0.7435499999999999,0.38245000000000007
1.08,0.5,0.7461500000000001,0.39135
1.08,0.52,0.7469,0.38865000000000005
1.08,0.54,0.7451,0.39120000000000005
1.08,0.56,0.7471,0.39185000000000003
1.08,0.58,0.74855,0.39544999999999997
1.08,0.6,0.74685,0.39505
1.08,0.62,0.7453000000000001,0.39065000000000005
1.08,0.64,0.7454000000000001,0.3887
1.08,0.66,0.74745,0.39065000000000005
1.08,0.68,0.74705,0.39159999999999995
1.08,0.7000000000000001,0.7487999999999999,0.39394999999999997
1.08,0.72,0.7481,0.39325
1.08,0.74,0.7481000000000001,0.39095
1.08,0.76,0.7476,0.39754999999999996
1.08,0.78,0.7459,0.39065000000000005
1.08,0.8,0.7449499999999999,0.38860000000000006
1.08,0.8200000000000001,0.7427999999999999,0.38845
1.08,0.84,0.7463500000000001,0.39180000000000004
1.08,0.86,0.74785,0.39195
1.08,0.88,0.7455499999999999,0.3912
1.08,0.9,0.7436499999999999,0.38695
1.08,0.92,0.7472,0.39355000000000007
1.08,0.9400000000000001,0.74875,0.38994999999999996
1.08,0.96,0.7462500000000001,0.39154999999999995
1.08,0.98,0.7468,0.3849
1.08,1.0,0.74855,0.39244999999999997
1.08,1.02,0.74745,0.39390000000000003
1.08,1.04,0.74375,0.3846
1.08,1.06,0.7469,0.39435000000000003
1.08,1.08,0.7443500000000001,0.38615000000000005
